"id","demand_zone_id","attribute_key","attribute_value","display","created_at","created_by","updated_at","updated_by"
1,1,time_span_allowed_for_cancellation,"24",1,"2022-10-11 15:52:38",Dev Token,"2023-06-01 09:27:10",audhy.prabowo
2,1,time_span_allowed_for_reschedule,"24",1,"2022-10-11 15:52:38",Dev Token,"2023-06-07 20:08:24",audhy.prabowo
3,1,time_span_allowed_for_cancellation_unit,HOURS,1,"2022-10-11 15:52:38",Dev Token,"2022-10-11 15:52:38",Dev Token
4,1,time_span_allowed_for_reschedule_unit,HOURS,1,"2022-10-11 15:52:38",Dev Token,"2022-10-11 15:52:38",Dev Token
5,2,time_span_allowed_for_cancellation,"24",1,"2022-11-16 14:14:51",Dev Token,"2023-01-26 16:08:31",audhy.prabowo
6,2,time_span_allowed_for_reschedule,"24",1,"2022-11-16 14:14:51",Dev Token,"2024-03-14 23:02:30",audhy.prabowo
7,2,time_span_allowed_for_cancellation_unit,HOURS,1,"2022-11-16 14:14:51",Dev Token,"2022-11-16 14:14:51",Dev Token
8,2,time_span_allowed_for_reschedule_unit,HOURS,1,"2022-11-16 14:14:51",Dev Token,"2022-11-16 14:14:51",Dev Token
9,3,time_span_allowed_for_cancellation,"24",,"2023-08-09 13:10:11",wiwin.dwiutami.hakim,"2023-08-31 13:34:16",audhy.prabowo
10,3,time_span_allowed_for_reschedule,"24",,"2023-08-09 13:10:11",wiwin.dwiutami.hakim,"2023-08-31 13:34:16",audhy.prabowo
11,3,time_span_allowed_for_cancellation_unit,HOURS,,"2023-08-09 13:10:11",wiwin.dwiutami.hakim,"2023-08-09 13:10:11",wiwin.dwiutami.hakim
12,3,time_span_allowed_for_reschedule_unit,HOURS,,"2023-08-09 13:10:11",wiwin.dwiutami.hakim,"2023-08-09 13:10:11",wiwin.dwiutami.hakim
13,4,time_span_allowed_for_cancellation,"24",,"2023-08-09 18:10:31",wiwin.dwiutami.hakim,"2023-08-09 18:10:31",wiwin.dwiutami.hakim
14,4,time_span_allowed_for_reschedule,"24",,"2023-08-09 18:10:31",wiwin.dwiutami.hakim,"2023-08-09 18:10:31",wiwin.dwiutami.hakim
15,4,time_span_allowed_for_cancellation_unit,HOURS,,"2023-08-09 18:10:31",wiwin.dwiutami.hakim,"2023-08-09 18:10:31",wiwin.dwiutami.hakim
16,4,time_span_allowed_for_reschedule_unit,HOURS,,"2023-08-09 18:10:31",wiwin.dwiutami.hakim,"2023-08-09 18:10:31",wiwin.dwiutami.hakim
17,5,time_span_allowed_for_cancellation,"24",,"2024-03-15 05:31:09",audhy.prabowo,"2024-03-15 05:33:26",audhy.prabowo
18,5,time_span_allowed_for_reschedule,"24",,"2024-03-15 05:31:09",audhy.prabowo,"2024-03-15 05:33:26",audhy.prabowo
19,5,time_span_allowed_for_cancellation_unit,HOURS,,"2024-03-15 05:31:09",audhy.prabowo,"2024-03-15 05:31:09",audhy.prabowo
20,5,time_span_allowed_for_reschedule_unit,HOURS,,"2024-03-15 05:31:09",audhy.prabowo,"2024-03-15 05:31:09",audhy.prabowo
21,6,time_span_allowed_for_cancellation,"24",,"2024-03-15 05:32:47",audhy.prabowo,"2024-03-15 05:32:47",audhy.prabowo
22,6,time_span_allowed_for_reschedule,"24",,"2024-03-15 05:32:47",audhy.prabowo,"2024-03-15 05:32:47",audhy.prabowo
23,6,time_span_allowed_for_cancellation_unit,HOURS,,"2024-03-15 05:32:47",audhy.prabowo,"2024-03-15 05:32:47",audhy.prabowo
24,6,time_span_allowed_for_reschedule_unit,HOURS,,"2024-03-15 05:32:47",audhy.prabowo,"2024-03-15 05:32:47",audhy.prabowo
25,7,time_span_allowed_for_cancellation,"24",,"2024-03-15 05:34:15",audhy.prabowo,"2024-03-15 05:34:15",audhy.prabowo
26,7,time_span_allowed_for_reschedule,"24",,"2024-03-15 05:34:15",audhy.prabowo,"2024-03-15 05:34:15",audhy.prabowo
27,7,time_span_allowed_for_cancellation_unit,HOURS,,"2024-03-15 05:34:15",audhy.prabowo,"2024-03-15 05:34:15",audhy.prabowo
28,7,time_span_allowed_for_reschedule_unit,HOURS,,"2024-03-15 05:34:15",audhy.prabowo,"2024-03-15 05:34:15",audhy.prabowo
29,8,time_span_allowed_for_cancellation,"24",,"2024-03-15 05:35:16",audhy.prabowo,"2024-03-15 05:35:16",audhy.prabowo
30,8,time_span_allowed_for_reschedule,"24",,"2024-03-15 05:35:16",audhy.prabowo,"2024-03-15 05:35:16",audhy.prabowo
31,8,time_span_allowed_for_cancellation_unit,HOURS,,"2024-03-15 05:35:16",audhy.prabowo,"2024-03-15 05:35:16",audhy.prabowo
32,8,time_span_allowed_for_reschedule_unit,HOURS,,"2024-03-15 05:35:16",audhy.prabowo,"2024-03-15 05:35:16",audhy.prabowo
33,9,time_span_allowed_for_cancellation,"24",,"2024-03-15 05:36:23",audhy.prabowo,"2024-03-15 05:36:23",audhy.prabowo
34,9,time_span_allowed_for_reschedule,"24",,"2024-03-15 05:36:23",audhy.prabowo,"2024-03-15 05:36:23",audhy.prabowo
35,9,time_span_allowed_for_cancellation_unit,HOURS,,"2024-03-15 05:36:23",audhy.prabowo,"2024-03-15 05:36:23",audhy.prabowo
36,9,time_span_allowed_for_reschedule_unit,HOURS,,"2024-03-15 05:36:23",audhy.prabowo,"2024-03-15 05:36:23",audhy.prabowo
37,10,time_span_allowed_for_cancellation,"24",,"2024-03-15 05:40:26",audhy.prabowo,"2024-03-15 05:40:26",audhy.prabowo
38,10,time_span_allowed_for_reschedule,"24",,"2024-03-15 05:40:26",audhy.prabowo,"2024-03-15 05:40:26",audhy.prabowo
39,10,time_span_allowed_for_cancellation_unit,HOURS,,"2024-03-15 05:40:26",audhy.prabowo,"2024-03-15 05:40:26",audhy.prabowo
40,10,time_span_allowed_for_reschedule_unit,HOURS,,"2024-03-15 05:40:26",audhy.prabowo,"2024-03-15 05:40:26",audhy.prabowo
41,11,time_span_allowed_for_cancellation,"24",,"2024-03-15 05:41:13",audhy.prabowo,"2024-03-15 05:41:13",audhy.prabowo
42,11,time_span_allowed_for_reschedule,"24",,"2024-03-15 05:41:13",audhy.prabowo,"2024-03-15 05:41:13",audhy.prabowo
43,11,time_span_allowed_for_cancellation_unit,HOURS,,"2024-03-15 05:41:13",audhy.prabowo,"2024-03-15 05:41:13",audhy.prabowo
44,11,time_span_allowed_for_reschedule_unit,HOURS,,"2024-03-15 05:41:13",audhy.prabowo,"2024-03-15 05:41:13",audhy.prabowo
45,12,time_span_allowed_for_cancellation,"24",,"2024-03-15 05:42:06",audhy.prabowo,"2024-03-15 05:42:06",audhy.prabowo
46,12,time_span_allowed_for_reschedule,"24",,"2024-03-15 05:42:06",audhy.prabowo,"2024-03-15 05:42:06",audhy.prabowo
47,12,time_span_allowed_for_cancellation_unit,HOURS,,"2024-03-15 05:42:06",audhy.prabowo,"2024-03-15 05:42:06",audhy.prabowo
48,12,time_span_allowed_for_reschedule_unit,HOURS,,"2024-03-15 05:42:06",audhy.prabowo,"2024-03-15 05:42:06",audhy.prabowo
49,13,time_span_allowed_for_cancellation,"24",,"2024-03-15 05:45:47",audhy.prabowo,"2024-03-15 05:45:47",audhy.prabowo
50,13,time_span_allowed_for_reschedule,"24",,"2024-03-15 05:45:47",audhy.prabowo,"2024-03-15 05:45:47",audhy.prabowo
51,13,time_span_allowed_for_cancellation_unit,HOURS,,"2024-03-15 05:45:47",audhy.prabowo,"2024-03-15 05:45:47",audhy.prabowo
52,13,time_span_allowed_for_reschedule_unit,HOURS,,"2024-03-15 05:45:47",audhy.prabowo,"2024-03-15 05:45:47",audhy.prabowo
53,14,time_span_allowed_for_cancellation,"24",,"2024-03-28 13:42:31",audhy.prabowo,"2024-03-28 13:42:31",audhy.prabowo
54,14,time_span_allowed_for_reschedule,"24",,"2024-03-28 13:42:31",audhy.prabowo,"2024-03-28 13:42:31",audhy.prabowo
55,14,time_span_allowed_for_cancellation_unit,HOURS,,"2024-03-28 13:42:31",audhy.prabowo,"2024-03-28 13:42:31",audhy.prabowo
56,14,time_span_allowed_for_reschedule_unit,HOURS,,"2024-03-28 13:42:31",audhy.prabowo,"2024-03-28 13:42:31",audhy.prabowo
57,15,time_span_allowed_for_cancellation,"24",,"2024-04-01 14:38:43",wiwin.dwiutami.hakim,"2024-04-01 14:38:43",wiwin.dwiutami.hakim
58,15,time_span_allowed_for_reschedule,"24",,"2024-04-01 14:38:43",wiwin.dwiutami.hakim,"2024-04-01 14:38:43",wiwin.dwiutami.hakim
59,15,time_span_allowed_for_cancellation_unit,HOURS,,"2024-04-01 14:38:43",wiwin.dwiutami.hakim,"2024-04-01 14:38:43",wiwin.dwiutami.hakim
60,15,time_span_allowed_for_reschedule_unit,HOURS,,"2024-04-01 14:38:43",wiwin.dwiutami.hakim,"2024-04-01 14:38:43",wiwin.dwiutami.hakim
61,16,time_span_allowed_for_cancellation,"24",,"2024-04-01 14:39:48",wiwin.dwiutami.hakim,"2024-04-01 14:39:48",wiwin.dwiutami.hakim
62,16,time_span_allowed_for_reschedule,"24",,"2024-04-01 14:39:48",wiwin.dwiutami.hakim,"2024-04-01 14:39:48",wiwin.dwiutami.hakim
63,16,time_span_allowed_for_cancellation_unit,HOURS,,"2024-04-01 14:39:48",wiwin.dwiutami.hakim,"2024-04-01 14:39:48",wiwin.dwiutami.hakim
64,16,time_span_allowed_for_reschedule_unit,HOURS,,"2024-04-01 14:39:48",wiwin.dwiutami.hakim,"2024-04-01 14:39:48",wiwin.dwiutami.hakim
65,5,transportation_fee_condition,true,,"2024-04-05 20:48:42",m.safwan.aji,"2024-04-08 11:23:13",roy.haryanto
66,5,transportation_fee,"25000",,"2024-04-05 20:48:42",m.safwan.aji,"2024-04-08 11:23:13",roy.haryanto
67,5,min_cart_price,"250000",,"2024-04-05 20:48:42",m.safwan.aji,"2024-04-23 13:48:01",roy.haryanto
68,6,transportation_fee_condition,true,,"2024-04-05 20:55:52",m.safwan.aji,"2024-04-08 11:23:30",roy.haryanto
69,6,transportation_fee,"25000",,"2024-04-05 20:55:52",m.safwan.aji,"2024-04-08 11:23:30",roy.haryanto
70,6,min_cart_price,"250000",,"2024-04-05 20:55:52",m.safwan.aji,"2024-04-23 13:48:08",roy.haryanto
71,9,transportation_fee_condition,true,,"2024-04-05 20:56:09",m.safwan.aji,"2024-04-08 11:24:24",roy.haryanto
72,9,transportation_fee,"25000",,"2024-04-05 20:56:09",m.safwan.aji,"2024-04-08 11:24:24",roy.haryanto
73,9,min_cart_price,"250000",,"2024-04-05 20:56:09",m.safwan.aji,"2024-04-23 13:48:41",roy.haryanto
74,13,transportation_fee_condition,true,,"2024-04-05 21:04:25",m.safwan.aji,"2024-04-08 11:25:30",roy.haryanto
75,13,transportation_fee,"25000",,"2024-04-05 21:04:25",m.safwan.aji,"2024-04-08 11:25:30",roy.haryanto
76,13,min_cart_price,"250000",,"2024-04-05 21:04:25",m.safwan.aji,"2024-04-23 13:49:14",roy.haryanto
77,8,transportation_fee_condition,true,,"2024-04-05 21:10:30",m.safwan.aji,"2024-04-08 11:24:08",roy.haryanto
78,8,transportation_fee,"25000",,"2024-04-05 21:10:30",m.safwan.aji,"2024-04-08 11:24:08",roy.haryanto
79,8,min_cart_price,"250000",,"2024-04-05 21:10:30",m.safwan.aji,"2024-04-23 13:48:27",roy.haryanto
80,11,transportation_fee_condition,true,,"2024-04-05 21:10:47",m.safwan.aji,"2024-04-08 11:24:58",roy.haryanto
81,11,transportation_fee,"25000",,"2024-04-05 21:10:47",m.safwan.aji,"2024-04-08 11:24:58",roy.haryanto
82,11,min_cart_price,"250000",,"2024-04-05 21:10:47",m.safwan.aji,"2024-04-23 13:48:58",roy.haryanto
83,7,transportation_fee_condition,true,,"2024-04-05 21:41:52",m.safwan.aji,"2024-04-08 11:23:47",roy.haryanto
84,7,transportation_fee,"25000",,"2024-04-05 21:41:52",m.safwan.aji,"2024-04-08 11:23:47",roy.haryanto
85,7,min_cart_price,"250000",,"2024-04-05 21:41:52",m.safwan.aji,"2024-04-23 13:48:18",roy.haryanto
86,10,transportation_fee_condition,true,,"2024-04-06 11:49:09",m.safwan.aji,"2024-04-08 11:24:42",roy.haryanto
87,10,transportation_fee,"25000",,"2024-04-06 11:49:09",m.safwan.aji,"2024-04-08 11:24:42",roy.haryanto
88,10,min_cart_price,"250000",,"2024-04-06 11:49:09",m.safwan.aji,"2024-04-23 13:48:50",roy.haryanto
89,16,transportation_fee_condition,true,,"2024-04-07 07:45:57",nabila.sauzan,"2024-04-08 11:26:26",roy.haryanto
90,16,transportation_fee,"25000",,"2024-04-07 07:45:57",nabila.sauzan,"2024-04-08 11:26:26",roy.haryanto
91,16,min_cart_price,"250000",,"2024-04-07 07:45:57",nabila.sauzan,"2024-04-23 13:49:29",roy.haryanto
92,12,transportation_fee_condition,true,,"2024-04-08 11:25:15",roy.haryanto,"2024-04-08 11:25:15",roy.haryanto
93,12,transportation_fee,"25000",,"2024-04-08 11:25:15",roy.haryanto,"2024-04-08 11:25:15",roy.haryanto
94,12,min_cart_price,"250000",,"2024-04-08 11:25:15",roy.haryanto,"2024-04-23 13:49:04",roy.haryanto
95,15,transportation_fee_condition,true,,"2024-04-08 11:26:12",roy.haryanto,"2024-04-08 11:26:12",roy.haryanto
96,15,transportation_fee,"25000",,"2024-04-08 11:26:12",roy.haryanto,"2024-04-08 11:26:12",roy.haryanto
97,15,min_cart_price,"250000",,"2024-04-08 11:26:12",roy.haryanto,"2024-04-23 13:49:22",roy.haryanto
98,17,time_span_allowed_for_cancellation,"24",,"2024-04-24 12:21:11",wiwin.dwiutami.hakim,"2024-04-24 12:21:11",wiwin.dwiutami.hakim
99,17,time_span_allowed_for_reschedule,"24",,"2024-04-24 12:21:11",wiwin.dwiutami.hakim,"2024-04-24 12:21:11",wiwin.dwiutami.hakim
100,17,transportation_fee_condition,false,,"2024-04-24 12:21:11",wiwin.dwiutami.hakim,"2024-04-24 12:21:11",wiwin.dwiutami.hakim
101,17,time_span_allowed_for_cancellation_unit,HOURS,,"2024-04-24 12:21:11",wiwin.dwiutami.hakim,"2024-04-24 12:21:11",wiwin.dwiutami.hakim
102,17,transportation_fee,"0",,"2024-04-24 12:21:11",wiwin.dwiutami.hakim,"2024-04-24 12:21:11",wiwin.dwiutami.hakim
103,17,time_span_allowed_for_reschedule_unit,HOURS,,"2024-04-24 12:21:11",wiwin.dwiutami.hakim,"2024-04-24 12:21:11",wiwin.dwiutami.hakim
104,17,min_cart_price,"0",,"2024-04-24 12:21:11",wiwin.dwiutami.hakim,"2024-04-24 12:21:11",wiwin.dwiutami.hakim
105,3,transportation_fee_condition,false,,"2024-04-27 22:43:01",muhammad.farhan,"2024-04-27 22:43:01",muhammad.farhan
106,3,transportation_fee,"0",,"2024-04-27 22:43:01",muhammad.farhan,"2024-04-27 22:43:01",muhammad.farhan
107,3,min_cart_price,"0",,"2024-04-27 22:43:01",muhammad.farhan,"2024-04-27 22:43:01",muhammad.farhan
108,18,time_span_allowed_for_cancellation,"24",,"2024-05-02 11:20:07",wiwin.dwiutami.hakim,"2024-05-02 11:20:07",wiwin.dwiutami.hakim
109,18,time_span_allowed_for_reschedule,"24",,"2024-05-02 11:20:07",wiwin.dwiutami.hakim,"2024-05-02 11:20:07",wiwin.dwiutami.hakim
110,18,transportation_fee_condition,false,,"2024-05-02 11:20:07",wiwin.dwiutami.hakim,"2024-05-02 11:20:07",wiwin.dwiutami.hakim
111,18,time_span_allowed_for_cancellation_unit,HOURS,,"2024-05-02 11:20:07",wiwin.dwiutami.hakim,"2024-05-02 11:20:07",wiwin.dwiutami.hakim
112,18,transportation_fee,"0",,"2024-05-02 11:20:07",wiwin.dwiutami.hakim,"2024-05-02 11:20:07",wiwin.dwiutami.hakim
113,18,time_span_allowed_for_reschedule_unit,HOURS,,"2024-05-02 11:20:07",wiwin.dwiutami.hakim,"2024-05-02 11:20:07",wiwin.dwiutami.hakim
114,18,min_cart_price,"0",,"2024-05-02 11:20:07",wiwin.dwiutami.hakim,"2024-05-02 11:20:07",wiwin.dwiutami.hakim
115,14,transportation_fee_condition,false,,"2024-05-30 05:56:10",putri.lusiana,"2024-05-30 05:56:10",putri.lusiana
116,14,transportation_fee,"0",,"2024-05-30 05:56:10",putri.lusiana,"2024-05-30 05:56:10",putri.lusiana
117,14,min_cart_price,"0",,"2024-05-30 05:56:10",putri.lusiana,"2024-05-30 05:56:10",putri.lusiana
118,4,transportation_fee_condition,false,,"2024-05-30 17:12:51",audhy.prabowo,"2024-05-30 17:12:51",audhy.prabowo
119,4,transportation_fee,"0",,"2024-05-30 17:12:51",audhy.prabowo,"2024-05-30 17:12:51",audhy.prabowo
120,4,min_cart_price,"0",,"2024-05-30 17:12:51",audhy.prabowo,"2024-05-30 17:12:51",audhy.prabowo
121,19,time_span_allowed_for_cancellation,"24",,"2024-06-05 11:47:55",wiwin.dwiutami.hakim,"2024-06-05 11:47:55",wiwin.dwiutami.hakim
122,19,time_span_allowed_for_reschedule,"24",,"2024-06-05 11:47:55",wiwin.dwiutami.hakim,"2024-06-05 11:47:55",wiwin.dwiutami.hakim
123,19,transportation_fee_condition,false,,"2024-06-05 11:47:55",wiwin.dwiutami.hakim,"2024-06-05 11:47:55",wiwin.dwiutami.hakim
124,19,time_span_allowed_for_cancellation_unit,HOURS,,"2024-06-05 11:47:55",wiwin.dwiutami.hakim,"2024-06-05 11:47:55",wiwin.dwiutami.hakim
125,19,transportation_fee,"0",,"2024-06-05 11:47:55",wiwin.dwiutami.hakim,"2024-06-05 11:47:55",wiwin.dwiutami.hakim
126,19,time_span_allowed_for_reschedule_unit,HOURS,,"2024-06-05 11:47:55",wiwin.dwiutami.hakim,"2024-06-05 11:47:55",wiwin.dwiutami.hakim
127,19,min_cart_price,"0",,"2024-06-05 11:47:55",wiwin.dwiutami.hakim,"2024-06-05 11:47:55",wiwin.dwiutami.hakim
128,11,timezone,Asia/Jakarta,1,"2024-06-19 21:04:31",faoul.djoyo,"2024-06-19 21:04:31",faoul.djoyo
129,11,timezone,Asia/Jakarta,1,"2024-06-19 21:04:32",faoul.djoyo,"2024-06-19 21:04:32",faoul.djoyo
130,8,timezone,Asia/Jakarta,1,"2024-06-19 21:05:53",faoul.djoyo,"2024-06-19 21:05:53",faoul.djoyo
131,8,timezone,Asia/Jakarta,1,"2024-06-19 21:05:53",faoul.djoyo,"2024-06-19 21:05:53",faoul.djoyo
132,5,timezone,Asia/Jakarta,1,"2024-06-19 21:06:20",faoul.djoyo,"2024-06-19 21:06:20",faoul.djoyo
133,5,timezone,Asia/Jakarta,1,"2024-06-19 21:06:20",faoul.djoyo,"2024-06-19 21:06:20",faoul.djoyo
134,10,timezone,Asia/Jakarta,1,"2024-06-19 21:06:51",faoul.djoyo,"2024-06-19 21:06:51",faoul.djoyo
135,10,timezone,Asia/Jakarta,1,"2024-06-19 21:06:51",faoul.djoyo,"2024-06-19 21:06:51",faoul.djoyo
136,13,timezone,Asia/Jakarta,1,"2024-06-19 21:07:34",faoul.djoyo,"2024-06-19 21:07:34",faoul.djoyo
137,13,timezone,Asia/Jakarta,1,"2024-06-19 21:07:35",faoul.djoyo,"2024-06-19 21:07:35",faoul.djoyo
138,3,timezone,Asia/Jakarta,1,"2024-06-20 18:27:32",dwi.rahmawati,"2024-06-20 18:27:32",dwi.rahmawati
139,3,timezone,Asia/Jakarta,1,"2024-06-20 18:27:33",dwi.rahmawati,"2024-06-20 18:27:33",dwi.rahmawati
140,9,timezone,Asia/Jakarta,1,"2024-06-23 22:23:58",faoul.djoyo,"2024-06-23 22:23:58",faoul.djoyo
141,9,timezone,Asia/Jakarta,1,"2024-06-23 22:23:59",faoul.djoyo,"2024-06-23 22:23:59",faoul.djoyo
142,6,timezone,Asia/Jakarta,1,"2024-06-23 22:24:28",faoul.djoyo,"2024-06-23 22:24:28",faoul.djoyo
143,6,timezone,Asia/Jakarta,1,"2024-06-23 22:24:28",faoul.djoyo,"2024-06-23 22:24:28",faoul.djoyo
144,7,timezone,Asia/Jakarta,1,"2024-06-23 22:25:13",faoul.djoyo,"2024-06-23 22:25:13",faoul.djoyo
145,7,timezone,Asia/Jakarta,1,"2024-06-23 22:25:13",faoul.djoyo,"2024-06-23 22:25:13",faoul.djoyo
146,17,timezone,Asia/Jakarta,1,"2024-06-29 08:03:24",jocelyn.tandrian,"2024-10-18 07:37:51",wiwin.dwiutami.hakim
147,17,timezone,Asia/Makassar,1,"2024-06-29 08:03:25",jocelyn.tandrian,"2024-06-29 08:03:25",jocelyn.tandrian
148,4,timezone,Asia/Jakarta,1,"2024-06-29 17:06:03",wiwin.dwiutami.hakim,"2024-06-29 17:06:03",wiwin.dwiutami.hakim
149,4,timezone,Asia/Jakarta,1,"2024-06-29 17:06:04",wiwin.dwiutami.hakim,"2024-06-29 17:06:04",wiwin.dwiutami.hakim
150,12,timezone,Asia/Jakarta,1,"2024-07-03 20:18:35",jocelyn.tandrian,"2024-07-03 20:18:35",jocelyn.tandrian
151,12,timezone,Asia/Jakarta,1,"2024-07-03 20:18:36",jocelyn.tandrian,"2024-07-03 20:18:36",jocelyn.tandrian
152,20,time_span_allowed_for_cancellation,"24",,"2024-07-05 09:41:46",wiwin.dwiutami.hakim,"2024-07-05 09:41:47",wiwin.dwiutami.hakim
153,20,time_span_allowed_for_reschedule,"24",,"2024-07-05 09:41:46",wiwin.dwiutami.hakim,"2024-07-05 09:41:47",wiwin.dwiutami.hakim
154,20,transportation_fee_condition,false,,"2024-07-05 09:41:46",wiwin.dwiutami.hakim,"2024-07-05 09:41:47",wiwin.dwiutami.hakim
155,20,time_span_allowed_for_cancellation_unit,HOURS,,"2024-07-05 09:41:46",wiwin.dwiutami.hakim,"2024-07-05 09:41:47",wiwin.dwiutami.hakim
156,20,transportation_fee,"0",,"2024-07-05 09:41:46",wiwin.dwiutami.hakim,"2024-07-05 09:41:47",wiwin.dwiutami.hakim
157,20,time_span_allowed_for_reschedule_unit,HOURS,,"2024-07-05 09:41:46",wiwin.dwiutami.hakim,"2024-07-05 09:41:47",wiwin.dwiutami.hakim
158,20,min_cart_price,"0",,"2024-07-05 09:41:47",wiwin.dwiutami.hakim,"2024-07-05 09:41:47",wiwin.dwiutami.hakim
159,20,timezone,Asia/Jakarta,1,"2024-07-05 09:41:47",wiwin.dwiutami.hakim,"2024-07-05 09:41:47",wiwin.dwiutami.hakim
160,15,timezone,Asia/Jakarta,1,"2024-07-05 15:14:12",wiwin.dwiutami.hakim,"2024-07-05 15:14:12",wiwin.dwiutami.hakim
161,15,timezone,Asia/Jakarta,1,"2024-07-05 15:14:12",wiwin.dwiutami.hakim,"2024-07-05 15:14:12",wiwin.dwiutami.hakim
162,16,timezone,Asia/Jakarta,1,"2024-07-05 16:09:58",wiwin.dwiutami.hakim,"2024-07-05 16:09:58",wiwin.dwiutami.hakim
163,16,timezone,Asia/Jakarta,1,"2024-07-05 16:09:59",wiwin.dwiutami.hakim,"2024-07-05 16:09:59",wiwin.dwiutami.hakim
164,21,time_span_allowed_for_cancellation,"24",,"2024-07-07 09:58:43",wiwin.dwiutami.hakim,"2024-07-07 09:58:44",wiwin.dwiutami.hakim
165,21,time_span_allowed_for_reschedule,"24",,"2024-07-07 09:58:43",wiwin.dwiutami.hakim,"2024-07-07 09:58:44",wiwin.dwiutami.hakim
166,21,transportation_fee_condition,false,,"2024-07-07 09:58:43",wiwin.dwiutami.hakim,"2024-07-07 09:58:44",wiwin.dwiutami.hakim
167,21,time_span_allowed_for_cancellation_unit,HOURS,,"2024-07-07 09:58:43",wiwin.dwiutami.hakim,"2024-07-07 09:58:44",wiwin.dwiutami.hakim
168,21,transportation_fee,"0",,"2024-07-07 09:58:43",wiwin.dwiutami.hakim,"2024-07-07 09:58:44",wiwin.dwiutami.hakim
169,21,time_span_allowed_for_reschedule_unit,HOURS,,"2024-07-07 09:58:43",wiwin.dwiutami.hakim,"2024-07-07 09:58:44",wiwin.dwiutami.hakim
170,21,min_cart_price,"0",,"2024-07-07 09:58:43",wiwin.dwiutami.hakim,"2024-07-07 09:58:44",wiwin.dwiutami.hakim
171,21,timezone,Asia/Jakarta,1,"2024-07-07 09:58:44",wiwin.dwiutami.hakim,"2024-07-07 09:58:44",wiwin.dwiutami.hakim
172,22,time_span_allowed_for_cancellation,"24",,"2024-07-07 10:01:49",wiwin.dwiutami.hakim,"2024-07-07 12:05:50",wiwin.dwiutami.hakim
173,22,time_span_allowed_for_reschedule,"24",,"2024-07-07 10:01:49",wiwin.dwiutami.hakim,"2024-07-07 12:05:50",wiwin.dwiutami.hakim
174,22,transportation_fee_condition,false,,"2024-07-07 10:01:49",wiwin.dwiutami.hakim,"2024-07-07 10:01:50",wiwin.dwiutami.hakim
175,22,time_span_allowed_for_cancellation_unit,HOURS,,"2024-07-07 10:01:49",wiwin.dwiutami.hakim,"2024-07-07 10:01:50",wiwin.dwiutami.hakim
176,22,transportation_fee,"0",,"2024-07-07 10:01:50",wiwin.dwiutami.hakim,"2024-07-07 10:01:50",wiwin.dwiutami.hakim
177,22,time_span_allowed_for_reschedule_unit,HOURS,,"2024-07-07 10:01:50",wiwin.dwiutami.hakim,"2024-07-07 10:01:50",wiwin.dwiutami.hakim
178,22,min_cart_price,"0",,"2024-07-07 10:01:50",wiwin.dwiutami.hakim,"2024-07-07 10:01:50",wiwin.dwiutami.hakim
179,22,timezone,Asia/Jakarta,1,"2024-07-07 10:01:50",wiwin.dwiutami.hakim,"2024-07-07 10:01:50",wiwin.dwiutami.hakim
180,14,timezone,Asia/Jakarta,1,"2024-08-30 18:28:02",wiwin.dwiutami.hakim,"2024-08-30 18:28:02",wiwin.dwiutami.hakim
181,14,timezone,Asia/Jakarta,1,"2024-08-30 18:28:02",wiwin.dwiutami.hakim,"2024-08-30 18:28:02",wiwin.dwiutami.hakim
182,18,timezone,Asia/Jakarta,1,"2024-10-07 09:09:29",jocelyn.tandrian,"2024-10-07 09:09:29",jocelyn.tandrian
183,18,timezone,Asia/Jakarta,1,"2024-10-07 09:09:29",jocelyn.tandrian,"2024-10-07 09:09:29",jocelyn.tandrian
184,23,time_span_allowed_for_cancellation,"24",,"2024-11-29 09:06:22",wiwin.dwiutami.hakim,"2024-11-29 09:06:22",wiwin.dwiutami.hakim
185,23,time_span_allowed_for_reschedule,"24",,"2024-11-29 09:06:22",wiwin.dwiutami.hakim,"2024-11-29 09:06:22",wiwin.dwiutami.hakim
186,23,transportation_fee_condition,false,,"2024-11-29 09:06:22",wiwin.dwiutami.hakim,"2024-11-29 09:06:22",wiwin.dwiutami.hakim
187,23,time_span_allowed_for_cancellation_unit,HOURS,,"2024-11-29 09:06:22",wiwin.dwiutami.hakim,"2024-11-29 09:06:22",wiwin.dwiutami.hakim
188,23,transportation_fee,"0",,"2024-11-29 09:06:22",wiwin.dwiutami.hakim,"2024-11-29 09:06:22",wiwin.dwiutami.hakim
189,23,time_span_allowed_for_reschedule_unit,HOURS,,"2024-11-29 09:06:22",wiwin.dwiutami.hakim,"2024-11-29 09:06:22",wiwin.dwiutami.hakim
190,23,min_cart_price,"0",,"2024-11-29 09:06:22",wiwin.dwiutami.hakim,"2024-11-29 09:06:22",wiwin.dwiutami.hakim
191,23,timezone,Asia/Jakarta,1,"2024-11-29 09:06:22",wiwin.dwiutami.hakim,"2024-11-29 09:06:22",wiwin.dwiutami.hakim
192,24,time_span_allowed_for_cancellation,"24",,"2024-12-18 12:54:32",wiwin.dwiutami.hakim,"2024-12-18 12:54:32",wiwin.dwiutami.hakim
193,24,time_span_allowed_for_reschedule,"24",,"2024-12-18 12:54:32",wiwin.dwiutami.hakim,"2024-12-18 12:54:32",wiwin.dwiutami.hakim
194,24,transportation_fee_condition,false,,"2024-12-18 12:54:32",wiwin.dwiutami.hakim,"2024-12-18 12:54:32",wiwin.dwiutami.hakim
195,24,time_span_allowed_for_cancellation_unit,HOURS,,"2024-12-18 12:54:32",wiwin.dwiutami.hakim,"2024-12-18 12:54:32",wiwin.dwiutami.hakim
196,24,transportation_fee,"0",,"2024-12-18 12:54:32",wiwin.dwiutami.hakim,"2024-12-18 12:54:32",wiwin.dwiutami.hakim
197,24,time_span_allowed_for_reschedule_unit,HOURS,,"2024-12-18 12:54:32",wiwin.dwiutami.hakim,"2024-12-18 12:54:32",wiwin.dwiutami.hakim
198,24,min_cart_price,"0",,"2024-12-18 12:54:32",wiwin.dwiutami.hakim,"2024-12-18 12:54:32",wiwin.dwiutami.hakim
199,24,timezone,Asia/Jakarta,1,"2024-12-18 12:54:32",wiwin.dwiutami.hakim,"2024-12-18 12:54:32",wiwin.dwiutami.hakim
200,25,time_span_allowed_for_cancellation,"24",,"2024-12-20 18:40:54",wiwin.dwiutami.hakim,"2024-12-20 18:40:54",wiwin.dwiutami.hakim
201,25,time_span_allowed_for_reschedule,"24",,"2024-12-20 18:40:54",wiwin.dwiutami.hakim,"2024-12-20 18:40:54",wiwin.dwiutami.hakim
202,25,transportation_fee_condition,false,,"2024-12-20 18:40:54",wiwin.dwiutami.hakim,"2024-12-20 18:40:54",wiwin.dwiutami.hakim
203,25,time_span_allowed_for_cancellation_unit,HOURS,,"2024-12-20 18:40:54",wiwin.dwiutami.hakim,"2024-12-20 18:40:54",wiwin.dwiutami.hakim
204,25,transportation_fee,"0",,"2024-12-20 18:40:54",wiwin.dwiutami.hakim,"2024-12-20 18:40:54",wiwin.dwiutami.hakim
205,25,time_span_allowed_for_reschedule_unit,HOURS,,"2024-12-20 18:40:54",wiwin.dwiutami.hakim,"2024-12-20 18:40:54",wiwin.dwiutami.hakim
206,25,min_cart_price,"0",,"2024-12-20 18:40:54",wiwin.dwiutami.hakim,"2024-12-20 18:40:54",wiwin.dwiutami.hakim
207,25,timezone,Asia/Makassar,1,"2024-12-20 18:40:54",wiwin.dwiutami.hakim,"2025-04-28 17:29:54",wiwin.dwiutami.hakim
208,26,time_span_allowed_for_cancellation,"24",,"2025-01-09 09:44:10",wiwin.dwiutami.hakim,"2025-01-09 09:44:10",wiwin.dwiutami.hakim
209,26,time_span_allowed_for_reschedule,"24",,"2025-01-09 09:44:10",wiwin.dwiutami.hakim,"2025-01-09 09:44:10",wiwin.dwiutami.hakim
210,26,transportation_fee_condition,false,,"2025-01-09 09:44:10",wiwin.dwiutami.hakim,"2025-01-09 09:44:10",wiwin.dwiutami.hakim
211,26,time_span_allowed_for_cancellation_unit,HOURS,,"2025-01-09 09:44:10",wiwin.dwiutami.hakim,"2025-01-09 09:44:10",wiwin.dwiutami.hakim
212,26,transportation_fee,"0",,"2025-01-09 09:44:10",wiwin.dwiutami.hakim,"2025-01-09 09:44:10",wiwin.dwiutami.hakim
213,26,time_span_allowed_for_reschedule_unit,HOURS,,"2025-01-09 09:44:10",wiwin.dwiutami.hakim,"2025-01-09 09:44:10",wiwin.dwiutami.hakim
214,26,min_cart_price,"0",,"2025-01-09 09:44:10",wiwin.dwiutami.hakim,"2025-01-09 09:44:10",wiwin.dwiutami.hakim
215,26,timezone,Asia/Jakarta,1,"2025-01-09 09:44:10",wiwin.dwiutami.hakim,"2025-01-09 09:44:10",wiwin.dwiutami.hakim
216,27,time_span_allowed_for_cancellation,"24",,"2025-01-09 09:47:59",wiwin.dwiutami.hakim,"2025-01-09 09:48:00",wiwin.dwiutami.hakim
217,27,time_span_allowed_for_reschedule,"24",,"2025-01-09 09:47:59",wiwin.dwiutami.hakim,"2025-01-09 09:48:00",wiwin.dwiutami.hakim
218,27,transportation_fee_condition,false,,"2025-01-09 09:47:59",wiwin.dwiutami.hakim,"2025-01-09 09:48:00",wiwin.dwiutami.hakim
219,27,time_span_allowed_for_cancellation_unit,HOURS,,"2025-01-09 09:47:59",wiwin.dwiutami.hakim,"2025-01-09 09:48:00",wiwin.dwiutami.hakim
220,27,transportation_fee,"0",,"2025-01-09 09:47:59",wiwin.dwiutami.hakim,"2025-01-09 09:48:00",wiwin.dwiutami.hakim
221,27,time_span_allowed_for_reschedule_unit,HOURS,,"2025-01-09 09:47:59",wiwin.dwiutami.hakim,"2025-01-09 09:48:00",wiwin.dwiutami.hakim
222,27,min_cart_price,"0",,"2025-01-09 09:47:59",wiwin.dwiutami.hakim,"2025-01-09 09:48:00",wiwin.dwiutami.hakim
223,27,timezone,Asia/Makassar,1,"2025-01-09 09:47:59",wiwin.dwiutami.hakim,"2025-06-12 19:18:31",wiwin.dwiutami.hakim
224,29,time_span_allowed_for_cancellation,"24",,"2025-01-09 15:26:52",wiwin.dwiutami.hakim,"2025-01-09 15:26:52",wiwin.dwiutami.hakim
225,29,time_span_allowed_for_reschedule,"24",,"2025-01-09 15:26:52",wiwin.dwiutami.hakim,"2025-01-09 15:26:52",wiwin.dwiutami.hakim
226,29,transportation_fee_condition,false,,"2025-01-09 15:26:52",wiwin.dwiutami.hakim,"2025-01-09 15:26:52",wiwin.dwiutami.hakim
227,29,time_span_allowed_for_cancellation_unit,HOURS,,"2025-01-09 15:26:52",wiwin.dwiutami.hakim,"2025-01-09 15:26:52",wiwin.dwiutami.hakim
228,29,transportation_fee,"0",,"2025-01-09 15:26:52",wiwin.dwiutami.hakim,"2025-01-09 15:26:52",wiwin.dwiutami.hakim
229,29,time_span_allowed_for_reschedule_unit,HOURS,,"2025-01-09 15:26:52",wiwin.dwiutami.hakim,"2025-01-09 15:26:52",wiwin.dwiutami.hakim
230,29,min_cart_price,"0",,"2025-01-09 15:26:52",wiwin.dwiutami.hakim,"2025-01-09 15:26:52",wiwin.dwiutami.hakim
231,29,timezone,Asia/Jakarta,1,"2025-01-09 15:26:52",wiwin.dwiutami.hakim,"2025-01-10 18:19:28",wiwin.dwiutami.hakim
232,30,time_span_allowed_for_cancellation,"24",,"2025-01-14 11:32:30",wiwin.dwiutami.hakim,"2025-01-14 11:32:30",wiwin.dwiutami.hakim
233,30,time_span_allowed_for_reschedule,"24",,"2025-01-14 11:32:30",wiwin.dwiutami.hakim,"2025-01-14 11:32:30",wiwin.dwiutami.hakim
234,30,transportation_fee_condition,false,,"2025-01-14 11:32:30",wiwin.dwiutami.hakim,"2025-01-14 11:32:30",wiwin.dwiutami.hakim
235,30,time_span_allowed_for_cancellation_unit,HOURS,,"2025-01-14 11:32:30",wiwin.dwiutami.hakim,"2025-01-14 11:32:30",wiwin.dwiutami.hakim
236,30,transportation_fee,"0",,"2025-01-14 11:32:30",wiwin.dwiutami.hakim,"2025-01-14 11:32:30",wiwin.dwiutami.hakim
237,30,time_span_allowed_for_reschedule_unit,HOURS,,"2025-01-14 11:32:30",wiwin.dwiutami.hakim,"2025-01-14 11:32:30",wiwin.dwiutami.hakim
238,30,min_cart_price,"0",,"2025-01-14 11:32:30",wiwin.dwiutami.hakim,"2025-01-14 11:32:30",wiwin.dwiutami.hakim
239,30,timezone,Asia/Jakarta,1,"2025-01-14 11:32:30",wiwin.dwiutami.hakim,"2025-01-14 11:32:30",wiwin.dwiutami.hakim
240,31,time_span_allowed_for_cancellation,"24",,"2025-01-16 16:31:58",wiwin.dwiutami.hakim,"2025-01-16 16:31:58",wiwin.dwiutami.hakim
241,31,time_span_allowed_for_reschedule,"24",,"2025-01-16 16:31:58",wiwin.dwiutami.hakim,"2025-01-16 16:31:58",wiwin.dwiutami.hakim
242,31,transportation_fee_condition,false,,"2025-01-16 16:31:58",wiwin.dwiutami.hakim,"2025-01-16 16:31:58",wiwin.dwiutami.hakim
243,31,time_span_allowed_for_cancellation_unit,HOURS,,"2025-01-16 16:31:58",wiwin.dwiutami.hakim,"2025-01-16 16:31:58",wiwin.dwiutami.hakim
244,31,transportation_fee,"0",,"2025-01-16 16:31:58",wiwin.dwiutami.hakim,"2025-01-16 16:31:58",wiwin.dwiutami.hakim
245,31,time_span_allowed_for_reschedule_unit,HOURS,,"2025-01-16 16:31:58",wiwin.dwiutami.hakim,"2025-01-16 16:31:58",wiwin.dwiutami.hakim
246,31,min_cart_price,"0",,"2025-01-16 16:31:58",wiwin.dwiutami.hakim,"2025-01-16 16:31:58",wiwin.dwiutami.hakim
247,31,timezone,Asia/Jakarta,1,"2025-01-16 16:31:58",wiwin.dwiutami.hakim,"2025-01-16 16:31:58",wiwin.dwiutami.hakim
248,32,time_span_allowed_for_cancellation,"24",,"2025-01-16 16:34:17",wiwin.dwiutami.hakim,"2025-01-16 16:34:17",wiwin.dwiutami.hakim
249,32,time_span_allowed_for_reschedule,"24",,"2025-01-16 16:34:17",wiwin.dwiutami.hakim,"2025-01-16 16:34:17",wiwin.dwiutami.hakim
250,32,transportation_fee_condition,false,,"2025-01-16 16:34:17",wiwin.dwiutami.hakim,"2025-01-16 16:34:17",wiwin.dwiutami.hakim
251,32,time_span_allowed_for_cancellation_unit,HOURS,,"2025-01-16 16:34:17",wiwin.dwiutami.hakim,"2025-01-16 16:34:17",wiwin.dwiutami.hakim
252,32,transportation_fee,"0",,"2025-01-16 16:34:17",wiwin.dwiutami.hakim,"2025-01-16 16:34:17",wiwin.dwiutami.hakim
253,32,time_span_allowed_for_reschedule_unit,HOURS,,"2025-01-16 16:34:17",wiwin.dwiutami.hakim,"2025-01-16 16:34:17",wiwin.dwiutami.hakim
254,32,min_cart_price,"0",,"2025-01-16 16:34:17",wiwin.dwiutami.hakim,"2025-01-16 16:34:17",wiwin.dwiutami.hakim
255,32,timezone,Asia/Jakarta,1,"2025-01-16 16:34:17",wiwin.dwiutami.hakim,"2025-01-16 16:34:17",wiwin.dwiutami.hakim
256,34,time_span_allowed_for_cancellation,"24",,"2025-01-16 16:36:04",wiwin.dwiutami.hakim,"2025-01-16 16:36:04",wiwin.dwiutami.hakim
257,34,time_span_allowed_for_reschedule,"24",,"2025-01-16 16:36:04",wiwin.dwiutami.hakim,"2025-01-16 16:36:04",wiwin.dwiutami.hakim
258,34,transportation_fee_condition,false,,"2025-01-16 16:36:04",wiwin.dwiutami.hakim,"2025-01-16 16:36:04",wiwin.dwiutami.hakim
259,34,time_span_allowed_for_cancellation_unit,HOURS,,"2025-01-16 16:36:04",wiwin.dwiutami.hakim,"2025-01-16 16:36:04",wiwin.dwiutami.hakim
260,34,transportation_fee,"0",,"2025-01-16 16:36:04",wiwin.dwiutami.hakim,"2025-01-16 16:36:04",wiwin.dwiutami.hakim
261,34,time_span_allowed_for_reschedule_unit,HOURS,,"2025-01-16 16:36:04",wiwin.dwiutami.hakim,"2025-01-16 16:36:04",wiwin.dwiutami.hakim
262,34,min_cart_price,"0",,"2025-01-16 16:36:04",wiwin.dwiutami.hakim,"2025-01-16 16:36:04",wiwin.dwiutami.hakim
263,34,timezone,Asia/Jakarta,1,"2025-01-16 16:36:04",wiwin.dwiutami.hakim,"2025-01-16 16:36:04",wiwin.dwiutami.hakim
264,2,transportation_fee_condition,false,,"2025-02-14 11:12:47",wiwin.dwiutami.hakim,"2025-02-14 11:12:47",wiwin.dwiutami.hakim
265,2,transportation_fee,"0",,"2025-02-14 11:12:47",wiwin.dwiutami.hakim,"2025-02-14 11:12:47",wiwin.dwiutami.hakim
266,2,min_cart_price,"0",,"2025-02-14 11:12:47",wiwin.dwiutami.hakim,"2025-02-14 11:12:47",wiwin.dwiutami.hakim
267,2,timezone,Asia/Jakarta,1,"2025-02-14 11:12:47",wiwin.dwiutami.hakim,"2025-02-14 11:12:47",wiwin.dwiutami.hakim
268,2,timezone,Asia/Jakarta,1,"2025-02-14 11:12:47",wiwin.dwiutami.hakim,"2025-02-14 11:12:47",wiwin.dwiutami.hakim
269,35,time_span_allowed_for_cancellation,"24",,"2025-04-25 11:27:23",wiwin.dwiutami.hakim,"2025-04-25 11:27:24",wiwin.dwiutami.hakim
270,35,time_span_allowed_for_reschedule,"24",,"2025-04-25 11:27:23",wiwin.dwiutami.hakim,"2025-04-25 11:27:24",wiwin.dwiutami.hakim
271,35,transportation_fee_condition,false,,"2025-04-25 11:27:23",wiwin.dwiutami.hakim,"2025-04-25 11:27:24",wiwin.dwiutami.hakim
272,35,time_span_allowed_for_cancellation_unit,HOURS,,"2025-04-25 11:27:23",wiwin.dwiutami.hakim,"2025-04-25 11:27:24",wiwin.dwiutami.hakim
273,35,transportation_fee,"0",,"2025-04-25 11:27:23",wiwin.dwiutami.hakim,"2025-04-25 11:27:24",wiwin.dwiutami.hakim
274,35,time_span_allowed_for_reschedule_unit,HOURS,,"2025-04-25 11:27:23",wiwin.dwiutami.hakim,"2025-04-25 11:27:24",wiwin.dwiutami.hakim
275,35,min_cart_price,"0",,"2025-04-25 11:27:23",wiwin.dwiutami.hakim,"2025-04-25 11:27:24",wiwin.dwiutami.hakim
276,35,timezone,Asia/Jakarta,1,"2025-04-25 11:27:24",wiwin.dwiutami.hakim,"2025-04-25 11:27:24",wiwin.dwiutami.hakim
277,36,time_span_allowed_for_cancellation,"24",,"2025-04-25 11:28:30",wiwin.dwiutami.hakim,"2025-04-25 11:28:30",wiwin.dwiutami.hakim
278,36,time_span_allowed_for_reschedule,"24",,"2025-04-25 11:28:30",wiwin.dwiutami.hakim,"2025-04-25 11:28:30",wiwin.dwiutami.hakim
279,36,transportation_fee_condition,false,,"2025-04-25 11:28:30",wiwin.dwiutami.hakim,"2025-04-25 11:28:30",wiwin.dwiutami.hakim
280,36,time_span_allowed_for_cancellation_unit,HOURS,,"2025-04-25 11:28:30",wiwin.dwiutami.hakim,"2025-04-25 11:28:30",wiwin.dwiutami.hakim
281,36,transportation_fee,"0",,"2025-04-25 11:28:30",wiwin.dwiutami.hakim,"2025-04-25 11:28:30",wiwin.dwiutami.hakim
282,36,time_span_allowed_for_reschedule_unit,HOURS,,"2025-04-25 11:28:30",wiwin.dwiutami.hakim,"2025-04-25 11:28:30",wiwin.dwiutami.hakim
283,36,min_cart_price,"0",,"2025-04-25 11:28:30",wiwin.dwiutami.hakim,"2025-04-25 11:28:30",wiwin.dwiutami.hakim
284,36,timezone,Asia/Makassar,1,"2025-04-25 11:28:30",wiwin.dwiutami.hakim,"2025-06-04 11:10:37",wiwin.dwiutami.hakim
285,37,time_span_allowed_for_cancellation,"24",,"2025-04-25 11:29:24",wiwin.dwiutami.hakim,"2025-04-25 11:29:25",wiwin.dwiutami.hakim
286,37,time_span_allowed_for_reschedule,"24",,"2025-04-25 11:29:24",wiwin.dwiutami.hakim,"2025-04-25 11:29:25",wiwin.dwiutami.hakim
287,37,transportation_fee_condition,false,,"2025-04-25 11:29:24",wiwin.dwiutami.hakim,"2025-04-25 11:29:25",wiwin.dwiutami.hakim
288,37,time_span_allowed_for_cancellation_unit,HOURS,,"2025-04-25 11:29:24",wiwin.dwiutami.hakim,"2025-04-25 11:29:25",wiwin.dwiutami.hakim
289,37,transportation_fee,"0",,"2025-04-25 11:29:24",wiwin.dwiutami.hakim,"2025-04-25 11:29:25",wiwin.dwiutami.hakim
290,37,time_span_allowed_for_reschedule_unit,HOURS,,"2025-04-25 11:29:24",wiwin.dwiutami.hakim,"2025-04-25 11:29:25",wiwin.dwiutami.hakim
291,37,min_cart_price,"0",,"2025-04-25 11:29:24",wiwin.dwiutami.hakim,"2025-04-25 11:29:25",wiwin.dwiutami.hakim
292,37,timezone,Asia/Makassar,1,"2025-04-25 11:29:25",wiwin.dwiutami.hakim,"2025-05-15 21:09:34",wiwin.dwiutami.hakim
293,38,time_span_allowed_for_cancellation,"24",,"2025-04-25 11:30:09",wiwin.dwiutami.hakim,"2025-04-25 11:30:09",wiwin.dwiutami.hakim
294,38,time_span_allowed_for_reschedule,"12",,"2025-04-25 11:30:09",wiwin.dwiutami.hakim,"2025-06-30 18:06:39",warahmat.befi
295,38,transportation_fee_condition,false,,"2025-04-25 11:30:09",wiwin.dwiutami.hakim,"2025-04-25 11:30:09",wiwin.dwiutami.hakim
296,38,time_span_allowed_for_cancellation_unit,HOURS,,"2025-04-25 11:30:09",wiwin.dwiutami.hakim,"2025-04-25 11:30:09",wiwin.dwiutami.hakim
297,38,transportation_fee,"0",,"2025-04-25 11:30:09",wiwin.dwiutami.hakim,"2025-04-25 11:30:09",wiwin.dwiutami.hakim
298,38,time_span_allowed_for_reschedule_unit,HOURS,,"2025-04-25 11:30:09",wiwin.dwiutami.hakim,"2025-04-25 11:30:09",wiwin.dwiutami.hakim
299,38,min_cart_price,"0",,"2025-04-25 11:30:09",wiwin.dwiutami.hakim,"2025-04-25 11:30:09",wiwin.dwiutami.hakim
300,38,timezone,Asia/Jakarta,1,"2025-04-25 11:30:09",wiwin.dwiutami.hakim,"2025-04-25 11:30:09",wiwin.dwiutami.hakim
301,39,time_span_allowed_for_cancellation,"24",,"2025-04-25 11:30:54",wiwin.dwiutami.hakim,"2025-04-25 11:30:54",wiwin.dwiutami.hakim
302,39,time_span_allowed_for_reschedule,"24",,"2025-04-25 11:30:54",wiwin.dwiutami.hakim,"2025-04-25 11:30:54",wiwin.dwiutami.hakim
303,39,transportation_fee_condition,false,,"2025-04-25 11:30:54",wiwin.dwiutami.hakim,"2025-04-25 11:30:54",wiwin.dwiutami.hakim
304,39,time_span_allowed_for_cancellation_unit,HOURS,,"2025-04-25 11:30:54",wiwin.dwiutami.hakim,"2025-04-25 11:30:54",wiwin.dwiutami.hakim
305,39,transportation_fee,"0",,"2025-04-25 11:30:54",wiwin.dwiutami.hakim,"2025-04-25 11:30:54",wiwin.dwiutami.hakim
306,39,time_span_allowed_for_reschedule_unit,HOURS,,"2025-04-25 11:30:54",wiwin.dwiutami.hakim,"2025-04-25 11:30:54",wiwin.dwiutami.hakim
307,39,min_cart_price,"0",,"2025-04-25 11:30:54",wiwin.dwiutami.hakim,"2025-04-25 11:30:54",wiwin.dwiutami.hakim
308,39,timezone,Asia/Makassar,1,"2025-04-25 11:30:54",wiwin.dwiutami.hakim,"2025-05-08 18:56:36",wiwin.dwiutami.hakim
309,40,time_span_allowed_for_cancellation,"24",,"2025-04-25 11:31:40",wiwin.dwiutami.hakim,"2025-04-25 11:31:40",wiwin.dwiutami.hakim
310,40,time_span_allowed_for_reschedule,"24",,"2025-04-25 11:31:40",wiwin.dwiutami.hakim,"2025-04-25 11:31:40",wiwin.dwiutami.hakim
311,40,transportation_fee_condition,false,,"2025-04-25 11:31:40",wiwin.dwiutami.hakim,"2025-04-25 11:31:40",wiwin.dwiutami.hakim
312,40,time_span_allowed_for_cancellation_unit,HOURS,,"2025-04-25 11:31:40",wiwin.dwiutami.hakim,"2025-04-25 11:31:40",wiwin.dwiutami.hakim
313,40,transportation_fee,"0",,"2025-04-25 11:31:40",wiwin.dwiutami.hakim,"2025-04-25 11:31:40",wiwin.dwiutami.hakim
314,40,time_span_allowed_for_reschedule_unit,HOURS,,"2025-04-25 11:31:40",wiwin.dwiutami.hakim,"2025-04-25 11:31:40",wiwin.dwiutami.hakim
315,40,min_cart_price,"0",,"2025-04-25 11:31:40",wiwin.dwiutami.hakim,"2025-04-25 11:31:40",wiwin.dwiutami.hakim
316,40,timezone,Asia/Makassar,1,"2025-04-25 11:31:40",wiwin.dwiutami.hakim,"2025-05-15 21:09:45",wiwin.dwiutami.hakim
317,41,time_span_allowed_for_cancellation,"24",,"2025-04-28 14:25:12",wiwin.dwiutami.hakim,"2025-04-28 14:25:13",wiwin.dwiutami.hakim
318,41,time_span_allowed_for_reschedule,"24",,"2025-04-28 14:25:12",wiwin.dwiutami.hakim,"2025-04-28 14:25:13",wiwin.dwiutami.hakim
319,41,transportation_fee_condition,false,,"2025-04-28 14:25:12",wiwin.dwiutami.hakim,"2025-04-28 14:25:13",wiwin.dwiutami.hakim
320,41,time_span_allowed_for_cancellation_unit,HOURS,,"2025-04-28 14:25:12",wiwin.dwiutami.hakim,"2025-04-28 14:25:13",wiwin.dwiutami.hakim
321,41,transportation_fee,"0",,"2025-04-28 14:25:12",wiwin.dwiutami.hakim,"2025-04-28 14:25:13",wiwin.dwiutami.hakim
322,41,time_span_allowed_for_reschedule_unit,HOURS,,"2025-04-28 14:25:12",wiwin.dwiutami.hakim,"2025-04-28 14:25:13",wiwin.dwiutami.hakim
323,41,min_cart_price,"0",,"2025-04-28 14:25:12",wiwin.dwiutami.hakim,"2025-04-28 14:25:13",wiwin.dwiutami.hakim
324,41,timezone,Asia/Makassar,1,"2025-04-28 14:25:13",wiwin.dwiutami.hakim,"2025-05-15 21:09:24",wiwin.dwiutami.hakim
325,42,time_span_allowed_for_cancellation,"24",,"2025-04-28 14:25:59",wiwin.dwiutami.hakim,"2025-04-28 14:25:59",wiwin.dwiutami.hakim
326,42,time_span_allowed_for_reschedule,"24",,"2025-04-28 14:25:59",wiwin.dwiutami.hakim,"2025-04-28 14:25:59",wiwin.dwiutami.hakim
327,42,transportation_fee_condition,false,,"2025-04-28 14:25:59",wiwin.dwiutami.hakim,"2025-04-28 14:25:59",wiwin.dwiutami.hakim
328,42,time_span_allowed_for_cancellation_unit,HOURS,,"2025-04-28 14:25:59",wiwin.dwiutami.hakim,"2025-04-28 14:25:59",wiwin.dwiutami.hakim
329,42,transportation_fee,"0",,"2025-04-28 14:25:59",wiwin.dwiutami.hakim,"2025-04-28 14:25:59",wiwin.dwiutami.hakim
330,42,time_span_allowed_for_reschedule_unit,HOURS,,"2025-04-28 14:25:59",wiwin.dwiutami.hakim,"2025-04-28 14:25:59",wiwin.dwiutami.hakim
331,42,min_cart_price,"0",,"2025-04-28 14:25:59",wiwin.dwiutami.hakim,"2025-04-28 14:25:59",wiwin.dwiutami.hakim
332,42,timezone,Asia/Jakarta,1,"2025-04-28 14:25:59",wiwin.dwiutami.hakim,"2025-04-28 14:25:59",wiwin.dwiutami.hakim
333,43,time_span_allowed_for_cancellation,"24",,"2025-04-28 14:26:39",wiwin.dwiutami.hakim,"2025-04-28 14:26:39",wiwin.dwiutami.hakim
334,43,time_span_allowed_for_reschedule,"24",,"2025-04-28 14:26:39",wiwin.dwiutami.hakim,"2025-04-28 14:26:39",wiwin.dwiutami.hakim
335,43,transportation_fee_condition,false,,"2025-04-28 14:26:39",wiwin.dwiutami.hakim,"2025-04-28 14:26:39",wiwin.dwiutami.hakim
336,43,time_span_allowed_for_cancellation_unit,HOURS,,"2025-04-28 14:26:39",wiwin.dwiutami.hakim,"2025-04-28 14:26:39",wiwin.dwiutami.hakim
337,43,transportation_fee,"0",,"2025-04-28 14:26:39",wiwin.dwiutami.hakim,"2025-04-28 14:26:39",wiwin.dwiutami.hakim
338,43,time_span_allowed_for_reschedule_unit,HOURS,,"2025-04-28 14:26:39",wiwin.dwiutami.hakim,"2025-04-28 14:26:39",wiwin.dwiutami.hakim
339,43,min_cart_price,"0",,"2025-04-28 14:26:39",wiwin.dwiutami.hakim,"2025-04-28 14:26:39",wiwin.dwiutami.hakim
340,43,timezone,Asia/Jakarta,1,"2025-04-28 14:26:39",wiwin.dwiutami.hakim,"2025-04-28 14:26:39",wiwin.dwiutami.hakim
341,44,time_span_allowed_for_cancellation,"24",,"2025-04-28 14:27:33",wiwin.dwiutami.hakim,"2025-04-28 14:27:33",wiwin.dwiutami.hakim
342,44,time_span_allowed_for_reschedule,"24",,"2025-04-28 14:27:33",wiwin.dwiutami.hakim,"2025-04-28 14:27:33",wiwin.dwiutami.hakim
343,44,transportation_fee_condition,false,,"2025-04-28 14:27:33",wiwin.dwiutami.hakim,"2025-04-28 14:27:33",wiwin.dwiutami.hakim
344,44,time_span_allowed_for_cancellation_unit,HOURS,,"2025-04-28 14:27:33",wiwin.dwiutami.hakim,"2025-04-28 14:27:33",wiwin.dwiutami.hakim
345,44,transportation_fee,"0",,"2025-04-28 14:27:33",wiwin.dwiutami.hakim,"2025-04-28 14:27:33",wiwin.dwiutami.hakim
346,44,time_span_allowed_for_reschedule_unit,HOURS,,"2025-04-28 14:27:33",wiwin.dwiutami.hakim,"2025-04-28 14:27:33",wiwin.dwiutami.hakim
347,44,min_cart_price,"0",,"2025-04-28 14:27:33",wiwin.dwiutami.hakim,"2025-04-28 14:27:33",wiwin.dwiutami.hakim
348,44,timezone,Asia/Jakarta,1,"2025-04-28 14:27:33",wiwin.dwiutami.hakim,"2025-04-28 14:27:33",wiwin.dwiutami.hakim
349,45,time_span_allowed_for_cancellation,"24",,"2025-07-02 11:24:42",wiwin.dwiutami.hakim,"2025-07-02 11:24:42",wiwin.dwiutami.hakim
350,45,time_span_allowed_for_reschedule,"24",,"2025-07-02 11:24:42",wiwin.dwiutami.hakim,"2025-07-02 11:24:42",wiwin.dwiutami.hakim
351,45,transportation_fee_condition,false,,"2025-07-02 11:24:42",wiwin.dwiutami.hakim,"2025-07-02 11:24:42",wiwin.dwiutami.hakim
352,45,time_span_allowed_for_cancellation_unit,HOURS,,"2025-07-02 11:24:42",wiwin.dwiutami.hakim,"2025-07-02 11:24:42",wiwin.dwiutami.hakim
353,45,transportation_fee,"0",,"2025-07-02 11:24:42",wiwin.dwiutami.hakim,"2025-07-02 11:24:42",wiwin.dwiutami.hakim
354,45,time_span_allowed_for_reschedule_unit,HOURS,,"2025-07-02 11:24:42",wiwin.dwiutami.hakim,"2025-07-02 11:24:42",wiwin.dwiutami.hakim
355,45,min_cart_price,"0",,"2025-07-02 11:24:42",wiwin.dwiutami.hakim,"2025-07-02 11:24:42",wiwin.dwiutami.hakim
356,45,timezone,Asia/Jakarta,1,"2025-07-02 11:24:42",wiwin.dwiutami.hakim,"2025-07-02 11:24:42",wiwin.dwiutami.hakim
