"id","icd_code","package_id","status","display_order","created_at","updated_at","created_by","updated_by"
1,A09,208,active,1,"2024-09-11 14:16:18","2024-09-16 13:59:17",Dev Token,Dev Token
2,A09,200,active,2,"2024-09-11 14:16:19","2024-09-16 13:59:18",Dev Token,Dev Token
3,A09,127,active,3,"2024-09-11 14:16:20","2024-09-16 13:59:19",Dev Token,Dev Token
4,A09,173,active,4,"2024-09-11 14:16:21","2024-09-16 13:59:20",Dev Token,Dev Token
5,A09,117,active,5,"2024-09-11 14:16:22","2024-09-16 13:59:22",Dev Token,Dev Token
6,A54,17,active,1,"2024-09-11 14:16:24","2024-09-16 13:59:23",Dev Token,Dev Token
7,A54,158,active,2,"2024-09-11 14:16:25","2024-09-16 13:59:24",Dev Token,Dev Token
8,A54,123,active,3,"2024-09-11 14:16:26","2024-09-16 13:59:25",Dev Token,Dev Token
9,A54,98,active,4,"2024-09-11 14:16:27","2024-09-16 13:59:26",Dev Token,Dev Token
10,A54,12,inactive,5,"2024-09-11 14:16:28","2024-10-03 17:47:23",Dev Token,Dev Token
11,A63.0,208,active,3,"2024-09-11 14:16:29","2024-10-03 17:39:27",Dev Token,Dev Token
12,A63.0,17,active,2,"2024-09-11 14:16:30","2024-09-16 13:59:29",Dev Token,Dev Token
13,A63.0,126,inactive,3,"2024-09-11 14:16:31","2024-10-03 17:47:26",Dev Token,Dev Token
14,A63.0,132,active,4,"2024-09-11 14:16:32","2024-09-16 13:59:31",Dev Token,Dev Token
15,A63.0,354,active,5,"2024-09-11 14:16:33","2024-09-16 13:59:32",Dev Token,Dev Token
16,A88.1,208,active,4,"2024-09-11 14:16:34","2024-10-03 17:39:28",Dev Token,Dev Token
17,A88.1,18,inactive,2,"2024-09-11 14:16:35","2024-10-03 17:48:11",Dev Token,Dev Token
18,A88.1,32,active,3,"2024-09-11 14:16:36","2024-09-16 13:59:35",Dev Token,Dev Token
19,A88.1,126,inactive,4,"2024-09-11 14:16:37","2024-10-03 17:47:27",Dev Token,Dev Token
20,A88.1,53,active,5,"2024-09-11 14:27:04","2024-09-16 13:59:37",Dev Token,Dev Token
21,B01,208,active,2,"2024-09-11 14:27:05","2025-06-25 14:22:47",Dev Token,Dev Token
22,B01,126,inactive,2,"2024-09-11 14:27:06","2024-10-03 17:47:28",Dev Token,Dev Token
23,B01,127,inactive,3,"2024-09-11 14:27:07","2025-06-25 14:21:29",Dev Token,Dev Token
24,B01,7,inactive,4,"2024-09-11 14:27:08","2025-06-25 14:21:29",Dev Token,Dev Token
25,B01,296,inactive,5,"2024-09-11 14:27:09","2024-10-03 17:48:15",Dev Token,Dev Token
26,B02,208,active,2,"2024-09-11 14:27:10","2025-06-25 14:22:47",Dev Token,Dev Token
27,B02,320,active,4,"2024-09-11 14:27:11","2025-06-25 14:22:47",Dev Token,Dev Token
28,B02,347,active,5,"2024-09-11 14:27:12","2025-06-25 14:22:47",Dev Token,Dev Token
29,B02,7,inactive,4,"2024-09-11 14:27:14","2025-06-25 14:21:29",Dev Token,Dev Token
30,B02,126,inactive,5,"2024-09-11 14:27:15","2024-10-03 17:47:29",Dev Token,Dev Token
31,B26,208,active,2,"2024-09-11 14:27:16","2024-10-03 17:39:31",Dev Token,Dev Token
32,B26,126,inactive,2,"2024-09-11 14:27:17","2024-10-03 17:47:31",Dev Token,Dev Token
33,B26,127,active,3,"2024-09-11 14:27:18","2024-09-16 13:59:51",Dev Token,Dev Token
34,B26,296,inactive,4,"2024-09-11 14:27:19","2024-10-03 17:48:16",Dev Token,Dev Token
35,B26,124,active,5,"2024-09-11 14:27:20","2024-09-16 13:59:53",Dev Token,Dev Token
36,B34.8,208,active,4,"2024-09-11 14:27:21","2024-10-03 17:39:32",Dev Token,Dev Token
37,B34.8,296,inactive,2,"2024-09-11 14:27:22","2024-10-03 17:48:17",Dev Token,Dev Token
38,B34.8,127,active,3,"2024-09-11 14:27:23","2024-09-16 13:59:56",Dev Token,Dev Token
39,B34.8,126,inactive,4,"2024-09-11 14:27:24","2024-10-03 17:47:32",Dev Token,Dev Token
40,B34.8,347,active,5,"2024-09-11 14:27:25","2024-09-16 13:59:58",Dev Token,Dev Token
41,B35.4,208,active,1,"2024-09-11 14:27:26","2024-09-16 13:59:59",Dev Token,Dev Token
42,B35.4,7,active,2,"2024-09-11 14:27:27","2024-09-16 14:00:02",Dev Token,Dev Token
43,B35.4,115,active,3,"2024-09-11 14:27:28","2024-09-16 14:00:03",Dev Token,Dev Token
44,B35.4,63,active,4,"2024-09-11 14:27:29","2024-09-16 14:00:04",Dev Token,Dev Token
45,B35.4,127,active,5,"2024-09-11 14:27:30","2024-09-16 14:00:05",Dev Token,Dev Token
46,B35.6,208,active,5,"2024-09-11 14:27:31","2024-10-03 17:39:33",Dev Token,Dev Token
47,B35.6,7,active,2,"2024-09-11 14:27:32","2024-09-16 14:00:07",Dev Token,Dev Token
48,B35.6,127,active,3,"2024-09-11 14:27:33","2024-09-16 14:00:09",Dev Token,Dev Token
49,B35.6,115,active,4,"2024-09-11 14:27:34","2024-09-16 14:00:10",Dev Token,Dev Token
50,B35.6,126,inactive,5,"2024-09-11 14:27:35","2024-10-03 17:47:33",Dev Token,Dev Token
51,B37,208,active,4,"2024-09-11 14:27:36","2024-10-03 17:39:34",Dev Token,Dev Token
52,B37,158,active,2,"2024-09-11 14:27:37","2024-09-16 14:00:13",Dev Token,Dev Token
53,B37,12,inactive,3,"2024-09-11 14:27:38","2024-10-03 17:47:24",Dev Token,Dev Token
54,B37,126,inactive,4,"2024-09-11 14:27:39","2024-10-03 17:47:34",Dev Token,Dev Token
55,B37,354,active,5,"2024-09-11 14:27:40","2024-09-16 14:00:16",Dev Token,Dev Token
56,B37.3,208,active,4,"2024-09-11 14:27:41","2024-10-03 17:39:36",Dev Token,Dev Token
57,B37.3,158,active,2,"2024-09-11 14:27:43","2024-09-16 14:00:18",Dev Token,Dev Token
58,B37.3,12,inactive,3,"2024-09-11 14:27:44","2024-10-03 17:47:25",Dev Token,Dev Token
59,B37.3,126,inactive,4,"2024-09-11 14:27:45","2024-10-03 17:47:35",Dev Token,Dev Token
60,B37.3,17,active,5,"2024-09-11 14:27:46","2024-09-16 14:00:21",Dev Token,Dev Token
61,B86,208,active,1,"2024-09-11 14:27:47","2024-09-16 14:00:22",Dev Token,Dev Token
62,B86,7,active,2,"2024-09-11 14:27:48","2024-09-16 14:00:23",Dev Token,Dev Token
63,B86,283,inactive,3,"2024-09-11 14:27:49","2024-10-03 17:48:33",Dev Token,Dev Token
64,B86,170,active,4,"2024-09-11 14:27:50","2024-09-16 14:00:26",Dev Token,Dev Token
65,B86,1,active,5,"2024-09-11 14:27:51","2024-09-16 14:00:27",Dev Token,Dev Token
66,E66,53,active,1,"2024-09-11 14:27:52","2024-09-16 14:00:28",Dev Token,Dev Token
67,E66,32,active,2,"2024-09-11 14:27:53","2024-09-16 14:00:29",Dev Token,Dev Token
68,E66,24,active,3,"2024-09-11 14:27:54","2024-09-16 14:00:30",Dev Token,Dev Token
69,E66,55,active,4,"2024-09-11 14:27:55","2024-09-16 14:00:31",Dev Token,Dev Token
70,E66,208,active,5,"2024-09-11 14:27:56","2024-09-16 14:00:32",Dev Token,Dev Token
71,G44.2,208,active,4,"2024-09-11 14:27:57","2024-10-03 17:39:37",Dev Token,Dev Token
72,G44.2,356,active,2,"2024-09-11 14:27:58","2024-09-16 14:00:34",Dev Token,Dev Token
73,G44.2,53,active,3,"2024-09-11 14:27:59","2024-09-16 14:00:35",Dev Token,Dev Token
74,G44.2,126,inactive,4,"2024-09-11 14:28:00","2024-10-03 17:47:36",Dev Token,Dev Token
75,G44.2,320,active,5,"2024-09-11 14:28:02","2024-09-16 14:00:37",Dev Token,Dev Token
76,H00,208,active,1,"2024-09-11 14:28:03","2024-09-16 14:00:38",Dev Token,Dev Token
77,H00,7,active,2,"2024-09-11 14:28:04","2024-09-16 14:00:39",Dev Token,Dev Token
78,H00,121,active,3,"2024-09-11 14:28:05","2024-09-16 14:00:40",Dev Token,Dev Token
79,H00,127,active,4,"2024-09-11 14:28:06","2024-09-16 14:00:41",Dev Token,Dev Token
80,H00,63,active,5,"2024-09-11 14:28:07","2024-09-16 14:00:42",Dev Token,Dev Token
81,H00.0,208,active,2,"2024-09-11 14:28:08","2024-10-03 17:39:38",Dev Token,Dev Token
82,H00.0,126,inactive,2,"2024-09-11 14:28:09","2024-10-03 17:47:37",Dev Token,Dev Token
83,H00.0,347,active,3,"2024-09-11 14:28:10","2024-09-16 14:00:45",Dev Token,Dev Token
84,H00.0,296,inactive,4,"2024-09-11 14:28:11","2024-10-03 17:48:18",Dev Token,Dev Token
85,H00.0,7,active,5,"2024-09-11 14:28:12","2024-09-16 14:00:47",Dev Token,Dev Token
86,H01.0,208,active,5,"2024-09-11 14:28:13","2024-10-03 17:39:39",Dev Token,Dev Token
87,H01.0,283,inactive,2,"2024-09-11 14:28:14","2024-10-03 17:48:34",Dev Token,Dev Token
88,H01.0,7,active,3,"2024-09-11 14:28:15","2024-09-16 14:00:51",Dev Token,Dev Token
89,H01.0,115,active,4,"2024-09-11 14:28:16","2024-09-16 14:00:52",Dev Token,Dev Token
90,H01.0,126,inactive,5,"2024-09-11 14:28:17","2024-10-03 17:47:38",Dev Token,Dev Token
91,H10,208,active,5,"2024-09-11 14:28:18","2024-10-03 17:39:40",Dev Token,Dev Token
92,H10,7,active,2,"2024-09-11 14:28:19","2024-09-16 14:00:55",Dev Token,Dev Token
93,H10,283,inactive,3,"2024-09-11 14:28:20","2024-10-03 17:48:35",Dev Token,Dev Token
94,H10,121,active,4,"2024-09-11 14:28:21","2024-09-16 14:00:57",Dev Token,Dev Token
95,H10,126,inactive,5,"2024-09-11 14:28:22","2024-10-03 17:47:39",Dev Token,Dev Token
96,H60,208,active,1,"2024-09-11 14:28:23","2024-09-16 14:00:59",Dev Token,Dev Token
97,H60,347,active,2,"2024-09-11 14:28:24","2024-09-16 14:01:01",Dev Token,Dev Token
98,H60,320,active,3,"2024-09-11 14:28:25","2024-09-16 14:01:02",Dev Token,Dev Token
99,H60,355,active,4,"2024-09-11 14:28:26","2024-09-16 14:01:03",Dev Token,Dev Token
100,H60,127,active,5,"2024-09-11 14:28:27","2024-09-16 14:01:04",Dev Token,Dev Token
101,H81.1,356,active,1,"2024-09-11 14:28:29","2024-09-16 14:01:05",Dev Token,Dev Token
102,H81.1,208,active,2,"2024-09-11 14:28:30","2024-09-16 14:01:06",Dev Token,Dev Token
103,H81.1,43,active,3,"2024-09-11 14:28:31","2024-09-16 14:01:07",Dev Token,Dev Token
104,H81.1,229,active,4,"2024-09-11 14:28:32","2024-09-16 14:01:08",Dev Token,Dev Token
105,H81.1,53,active,5,"2024-09-11 14:28:33","2024-09-16 14:01:09",Dev Token,Dev Token
106,I10,208,active,1,"2024-09-11 14:28:34","2024-09-16 14:01:10",Dev Token,Dev Token
107,I10,53,active,2,"2024-09-11 14:28:35","2024-09-16 14:01:11",Dev Token,Dev Token
108,I10,18,inactive,3,"2024-09-11 14:28:36","2024-10-03 17:48:12",Dev Token,Dev Token
109,I10,43,active,4,"2024-09-11 14:28:37","2024-09-16 14:01:13",Dev Token,Dev Token
110,I10,64,active,5,"2024-09-11 14:28:38","2024-09-16 14:01:14",Dev Token,Dev Token
111,I84,28,inactive,1,"2024-09-11 14:28:39","2024-10-03 17:48:51",Dev Token,Dev Token
112,I84,126,inactive,2,"2024-09-11 14:28:40","2024-10-03 17:47:40",Dev Token,Dev Token
113,I84,170,active,5,"2024-09-11 14:28:41","2024-09-16 14:01:19",Dev Token,Dev Token
114,I84,127,active,4,"2024-09-11 14:28:42","2024-09-16 14:01:18",Dev Token,Dev Token
115,I84.9,208,active,2,"2024-09-11 14:28:44","2024-10-03 17:39:42",Dev Token,Dev Token
116,I84.9,126,inactive,2,"2024-09-11 14:28:45","2024-10-03 17:47:41",Dev Token,Dev Token
117,I84.9,347,active,3,"2024-09-11 14:28:46","2024-09-16 14:01:23",Dev Token,Dev Token
118,I84.9,320,active,4,"2024-09-11 14:28:47","2024-09-16 14:01:24",Dev Token,Dev Token
119,I84.9,158,active,5,"2024-09-11 14:28:48","2024-09-16 14:01:25",Dev Token,Dev Token
120,J00,208,active,1,"2024-09-11 14:28:49","2024-09-16 14:01:26",Dev Token,Dev Token
121,J00,310,active,2,"2024-09-11 14:28:50","2024-09-16 14:01:27",Dev Token,Dev Token
122,J00,320,active,3,"2024-09-11 14:28:51","2024-09-16 14:01:28",Dev Token,Dev Token
123,J00,355,active,4,"2024-09-11 14:28:52","2024-09-16 14:01:29",Dev Token,Dev Token
124,J00,319,active,5,"2024-09-11 14:28:53","2024-09-16 14:01:30",Dev Token,Dev Token
125,J01,208,active,5,"2024-09-11 14:28:54","2024-10-03 17:39:43",Dev Token,Dev Token
126,J01,355,active,2,"2024-09-11 14:28:55","2024-09-16 14:01:32",Dev Token,Dev Token
127,J01,347,active,3,"2024-09-11 14:28:56","2024-09-16 14:01:33",Dev Token,Dev Token
128,J01,320,active,4,"2024-09-11 14:28:57","2024-09-16 14:01:34",Dev Token,Dev Token
129,J01,126,inactive,5,"2024-09-11 14:28:59","2024-10-03 17:47:42",Dev Token,Dev Token
130,J02,208,active,2,"2024-09-11 14:29:00","2024-10-03 17:39:44",Dev Token,Dev Token
131,J02,126,inactive,2,"2024-09-11 14:29:01","2024-10-03 17:47:43",Dev Token,Dev Token
132,J02,320,active,3,"2024-09-11 14:29:02","2024-09-16 14:01:39",Dev Token,Dev Token
133,J02,296,inactive,4,"2024-09-11 14:29:03","2024-10-03 17:48:19",Dev Token,Dev Token
134,J02,335,active,5,"2024-09-11 14:29:04","2024-09-16 14:01:41",Dev Token,Dev Token
135,J02.0,208,active,5,"2024-09-11 14:29:05","2024-10-03 17:39:45",Dev Token,Dev Token
136,J02.0,296,inactive,2,"2024-09-11 14:29:06","2024-10-03 17:48:20",Dev Token,Dev Token
137,J02.0,127,active,3,"2024-09-11 14:29:07","2024-09-16 14:01:44",Dev Token,Dev Token
138,J02.0,18,inactive,4,"2024-09-11 14:29:08","2024-10-03 17:48:13",Dev Token,Dev Token
139,J02.0,126,inactive,5,"2024-09-11 14:29:09","2024-10-03 17:47:44",Dev Token,Dev Token
140,J02.8,208,active,1,"2024-09-11 14:29:10","2024-09-16 14:01:47",Dev Token,Dev Token
141,J02.8,7,active,2,"2024-09-11 14:29:11","2024-09-16 14:01:48",Dev Token,Dev Token
142,J02.8,296,inactive,3,"2024-09-11 14:29:12","2024-10-03 17:48:21",Dev Token,Dev Token
143,J02.8,355,active,4,"2024-09-11 14:29:13","2024-09-16 14:01:50",Dev Token,Dev Token
144,J02.8,320,active,5,"2024-09-11 14:29:14","2024-09-16 14:01:51",Dev Token,Dev Token
145,J03,296,inactive,1,"2024-09-11 14:29:15","2024-10-03 17:48:22",Dev Token,Dev Token
146,J03,355,active,2,"2024-09-11 14:29:16","2024-09-16 14:01:53",Dev Token,Dev Token
147,J03,208,active,3,"2024-09-11 14:29:17","2024-09-16 14:01:54",Dev Token,Dev Token
148,J03,320,active,4,"2024-09-11 14:29:18","2024-09-16 14:01:55",Dev Token,Dev Token
149,J03,347,active,5,"2024-09-11 14:29:19","2024-09-16 14:01:56",Dev Token,Dev Token
150,J06,208,active,1,"2024-09-11 14:29:20","2024-09-16 14:01:57",Dev Token,Dev Token
151,J06,296,inactive,2,"2024-09-11 14:29:21","2024-10-03 17:48:24",Dev Token,Dev Token
152,J06,124,active,3,"2024-09-11 14:29:22","2024-09-16 14:02:00",Dev Token,Dev Token
153,J06,7,active,4,"2024-09-11 14:29:23","2024-09-16 14:02:01",Dev Token,Dev Token
154,J06,120,active,5,"2024-09-11 14:29:24","2024-09-16 14:02:02",Dev Token,Dev Token
155,J06.9,208,active,2,"2024-09-11 14:29:25","2024-10-03 17:39:46",Dev Token,Dev Token
156,J06.9,126,inactive,2,"2024-09-11 14:29:26","2024-10-03 17:47:45",Dev Token,Dev Token
157,J06.9,355,active,3,"2024-09-11 14:29:27","2024-09-16 14:02:05",Dev Token,Dev Token
158,J06.9,124,active,4,"2024-09-11 14:29:28","2024-09-16 14:02:06",Dev Token,Dev Token
159,J06.9,296,inactive,5,"2024-09-11 14:29:29","2024-10-03 17:48:25",Dev Token,Dev Token
160,J10,208,active,1,"2024-09-11 14:29:31","2024-09-16 14:02:08",Dev Token,Dev Token
161,J10,355,active,2,"2024-09-11 14:29:32","2024-09-16 14:02:09",Dev Token,Dev Token
162,J10,117,active,3,"2024-09-11 14:29:33","2024-09-16 14:02:10",Dev Token,Dev Token
163,J10,120,active,4,"2024-09-11 14:29:34","2024-09-16 14:02:11",Dev Token,Dev Token
164,J10,320,active,5,"2024-09-11 14:29:35","2024-09-16 14:02:12",Dev Token,Dev Token
165,J11,208,active,1,"2024-09-11 14:29:36","2024-09-16 14:02:13",Dev Token,Dev Token
166,J11,296,inactive,2,"2024-09-11 14:29:37","2024-10-03 17:48:26",Dev Token,Dev Token
167,J11,7,active,3,"2024-09-11 14:29:38","2024-09-16 14:02:15",Dev Token,Dev Token
168,J11,33,active,4,"2024-09-11 14:29:39","2024-09-16 14:02:16",Dev Token,Dev Token
169,J11,28,inactive,5,"2024-09-11 14:29:40","2024-10-03 17:48:52",Dev Token,Dev Token
170,J30,208,active,5,"2024-09-11 14:29:41","2024-10-03 17:39:47",Dev Token,Dev Token
171,J30,7,active,2,"2024-09-11 14:29:42","2024-09-16 14:02:20",Dev Token,Dev Token
172,J30,283,inactive,3,"2024-09-11 14:29:43","2024-10-03 17:48:36",Dev Token,Dev Token
173,J30,355,active,4,"2024-09-11 14:29:44","2024-09-16 14:02:22",Dev Token,Dev Token
174,J30,126,inactive,5,"2024-09-11 14:29:45","2024-10-03 17:47:46",Dev Token,Dev Token
175,J30.2,355,active,1,"2024-09-11 14:29:46","2024-09-16 14:02:24",Dev Token,Dev Token
176,J30.2,208,active,2,"2024-09-11 14:29:47","2024-09-16 14:02:25",Dev Token,Dev Token
177,J30.2,320,active,3,"2024-09-11 14:29:48","2024-09-16 14:02:26",Dev Token,Dev Token
178,J30.2,7,active,4,"2024-09-11 14:29:49","2024-09-16 14:02:27",Dev Token,Dev Token
179,J30.2,356,active,5,"2024-09-11 14:29:50","2024-09-16 14:02:28",Dev Token,Dev Token
180,J30.4,208,active,1,"2024-09-11 14:29:51","2024-09-16 14:02:29",Dev Token,Dev Token
181,J30.4,7,active,2,"2024-09-11 14:29:52","2024-09-16 14:02:30",Dev Token,Dev Token
182,J30.4,347,active,3,"2024-09-11 14:29:53","2024-09-16 14:02:31",Dev Token,Dev Token
183,J30.4,320,active,4,"2024-09-11 14:29:54","2024-09-16 14:02:32",Dev Token,Dev Token
184,J30.4,310,active,5,"2024-09-11 14:29:55","2024-09-16 14:02:33",Dev Token,Dev Token
185,J45,208,active,1,"2024-09-11 14:29:56","2024-09-16 14:02:34",Dev Token,Dev Token
186,J45,7,active,2,"2024-09-11 14:29:58","2024-09-16 14:02:35",Dev Token,Dev Token
187,J45,121,active,3,"2024-09-11 14:29:59","2024-09-16 14:02:36",Dev Token,Dev Token
188,J45,127,active,4,"2024-09-11 14:30:00","2024-09-16 14:02:37",Dev Token,Dev Token
189,J45,283,inactive,5,"2024-09-11 14:30:01","2024-10-03 17:48:37",Dev Token,Dev Token
190,K01,319,active,1,"2024-09-11 14:30:02","2024-09-16 14:02:40",Dev Token,Dev Token
191,K01,320,active,2,"2024-09-11 14:30:03","2024-09-16 14:02:41",Dev Token,Dev Token
192,K01,170,active,3,"2024-09-11 14:30:04","2024-09-16 14:02:42",Dev Token,Dev Token
193,K01,208,active,4,"2024-09-11 14:30:05","2024-09-16 14:02:43",Dev Token,Dev Token
194,K04.0,170,active,1,"2024-09-11 14:30:06","2024-09-16 14:02:44",Dev Token,Dev Token
195,K04.0,319,active,2,"2024-09-11 14:30:07","2024-09-16 14:02:45",Dev Token,Dev Token
196,K04.0,208,active,3,"2024-09-11 14:30:08","2024-09-16 14:02:46",Dev Token,Dev Token
197,K04.0,356,active,4,"2024-09-11 14:30:09","2024-09-16 14:02:47",Dev Token,Dev Token
198,K04.0,320,active,5,"2024-09-11 14:30:10","2024-09-16 14:02:48",Dev Token,Dev Token
199,K05,170,active,1,"2024-09-11 14:30:11","2024-09-16 14:02:49",Dev Token,Dev Token
200,K05,208,active,2,"2024-09-11 14:30:12","2024-09-16 14:02:50",Dev Token,Dev Token
201,K05,127,active,3,"2024-09-11 14:30:13","2024-09-16 14:02:51",Dev Token,Dev Token
202,K05,319,active,4,"2024-09-11 14:30:14","2024-09-16 14:02:52",Dev Token,Dev Token
203,K05,320,active,5,"2024-09-11 14:30:15","2024-09-16 14:02:53",Dev Token,Dev Token
204,K12,208,active,5,"2024-09-11 14:30:16","2024-10-03 17:39:48",Dev Token,Dev Token
205,K12,320,active,2,"2024-09-11 14:30:17","2024-09-16 14:02:55",Dev Token,Dev Token
206,K12,319,active,3,"2024-09-11 14:30:18","2024-09-16 14:02:56",Dev Token,Dev Token
207,K12,170,active,4,"2024-09-11 14:30:20","2024-09-16 14:02:57",Dev Token,Dev Token
208,K12,126,inactive,5,"2024-09-11 14:30:21","2024-10-03 17:47:47",Dev Token,Dev Token
209,K12.1,208,active,2,"2024-09-11 14:30:22","2024-10-03 17:39:49",Dev Token,Dev Token
210,K12.1,126,inactive,2,"2024-09-11 14:30:23","2024-10-03 17:47:48",Dev Token,Dev Token
211,K12.1,320,active,3,"2024-09-11 14:30:24","2024-09-16 14:03:02",Dev Token,Dev Token
212,K12.1,356,active,4,"2024-09-11 14:30:25","2024-09-16 14:03:03",Dev Token,Dev Token
213,K12.1,347,active,5,"2024-09-11 14:30:26","2024-09-16 14:03:04",Dev Token,Dev Token
214,K21,208,active,2,"2024-09-11 14:30:27","2024-10-03 17:39:50",Dev Token,Dev Token
215,K21,126,inactive,2,"2024-09-11 14:30:28","2024-10-03 17:47:49",Dev Token,Dev Token
216,K21,102,active,3,"2024-09-11 14:30:29","2024-09-16 14:03:07",Dev Token,Dev Token
217,K21,193,active,4,"2024-09-11 14:30:30","2024-09-16 14:03:08",Dev Token,Dev Token
218,K21,127,active,5,"2024-09-11 14:30:31","2024-09-16 14:03:09",Dev Token,Dev Token
219,K29,208,active,1,"2024-09-11 14:30:32","2024-09-16 14:03:10",Dev Token,Dev Token
220,K29,193,active,2,"2024-09-11 14:30:33","2024-09-16 14:03:11",Dev Token,Dev Token
221,K29,174,active,3,"2024-09-11 14:30:34","2024-09-16 14:03:12",Dev Token,Dev Token
222,K29,127,active,4,"2024-09-11 14:30:35","2024-09-16 14:03:13",Dev Token,Dev Token
223,K29,117,active,5,"2024-09-11 14:30:36","2024-09-16 14:03:14",Dev Token,Dev Token
224,K29.1,208,active,1,"2024-09-11 14:30:37","2024-09-16 14:03:15",Dev Token,Dev Token
225,K29.1,193,active,2,"2024-09-11 14:30:38","2024-09-16 14:03:16",Dev Token,Dev Token
226,K29.1,102,active,3,"2024-09-11 14:30:39","2024-09-16 14:03:17",Dev Token,Dev Token
227,K29.1,173,active,4,"2024-09-11 14:30:40","2024-09-16 14:03:18",Dev Token,Dev Token
228,K29.1,117,active,5,"2024-09-11 14:30:41","2024-09-16 14:03:20",Dev Token,Dev Token
229,K29.7,208,active,5,"2024-09-11 14:30:42","2024-10-03 17:39:51",Dev Token,Dev Token
230,K29.7,102,active,2,"2024-09-11 14:30:43","2024-09-16 14:03:22",Dev Token,Dev Token
231,K29.7,127,active,3,"2024-09-11 14:30:44","2024-09-16 14:03:23",Dev Token,Dev Token
232,K29.7,117,active,4,"2024-09-11 14:30:45","2024-09-16 14:03:24",Dev Token,Dev Token
233,K29.7,126,inactive,5,"2024-09-11 14:30:46","2024-10-03 17:47:51",Dev Token,Dev Token
234,K30,208,active,1,"2024-09-11 14:30:47","2024-09-16 14:03:26",Dev Token,Dev Token
235,K30,127,active,2,"2024-09-11 14:30:48","2024-09-16 14:03:27",Dev Token,Dev Token
236,K30,102,active,3,"2024-09-11 14:30:49","2024-09-16 14:03:28",Dev Token,Dev Token
237,K30,193,active,4,"2024-09-11 14:30:51","2024-09-16 14:03:29",Dev Token,Dev Token
238,K30,320,active,5,"2024-09-11 14:30:52","2024-09-16 14:03:30",Dev Token,Dev Token
239,K59.0,208,active,3,"2024-09-11 14:30:53","2024-10-03 17:39:53",Dev Token,Dev Token
240,K59.0,200,active,2,"2024-09-11 14:30:54","2024-09-16 14:03:32",Dev Token,Dev Token
241,K59.0,126,inactive,3,"2024-09-11 14:30:55","2024-10-03 17:47:52",Dev Token,Dev Token
242,K59.0,127,active,4,"2024-09-11 14:30:56","2024-09-16 14:03:34",Dev Token,Dev Token
243,K59.0,158,active,5,"2024-09-11 14:30:57","2024-09-16 14:03:35",Dev Token,Dev Token
244,L02,208,active,2,"2024-09-11 14:30:58","2024-10-03 17:39:54",Dev Token,Dev Token
245,L02,126,inactive,2,"2024-09-11 14:30:59","2024-10-03 17:47:53",Dev Token,Dev Token
246,L02,127,active,3,"2024-09-11 14:31:00","2024-09-16 14:03:38",Dev Token,Dev Token
247,L02,32,active,4,"2024-09-11 14:31:01","2024-09-16 14:03:39",Dev Token,Dev Token
248,L02,63,active,5,"2024-09-11 14:31:02","2024-09-16 14:03:40",Dev Token,Dev Token
249,L08.0,208,active,3,"2024-09-11 14:31:03","2024-10-03 17:39:55",Dev Token,Dev Token
250,L08.0,7,active,2,"2024-09-11 14:31:04","2024-09-16 14:03:43",Dev Token,Dev Token
251,L08.0,126,inactive,3,"2024-09-11 14:31:05","2024-10-03 17:47:54",Dev Token,Dev Token
252,L08.0,194,active,4,"2024-09-11 14:31:06","2024-09-16 14:03:45",Dev Token,Dev Token
253,L08.0,283,inactive,5,"2024-09-11 14:31:07","2024-10-03 17:48:38",Dev Token,Dev Token
254,L20,7,active,1,"2024-09-11 14:31:08","2024-09-16 14:03:47",Dev Token,Dev Token
255,L20,208,active,5,"2024-09-11 14:31:09","2024-10-03 17:39:56",Dev Token,Dev Token
256,L20,283,inactive,3,"2024-09-11 14:31:10","2024-10-03 17:48:39",Dev Token,Dev Token
257,L20,115,active,4,"2024-09-11 14:31:11","2024-09-16 14:03:50",Dev Token,Dev Token
258,L20,126,inactive,5,"2024-09-11 14:31:12","2024-10-03 17:47:55",Dev Token,Dev Token
259,L20.8,208,active,1,"2024-09-11 14:31:13","2024-09-16 14:03:52",Dev Token,Dev Token
260,L20.8,7,active,2,"2024-09-11 14:31:14","2024-09-16 14:03:53",Dev Token,Dev Token
261,L20.8,283,inactive,3,"2024-09-11 14:31:16","2024-10-03 17:48:40",Dev Token,Dev Token
262,L20.8,115,active,4,"2024-09-11 14:31:17","2024-09-16 14:03:55",Dev Token,Dev Token
263,L20.8,121,active,5,"2024-09-11 14:31:18","2024-09-16 14:03:56",Dev Token,Dev Token
264,L21,208,active,1,"2024-09-11 14:31:19","2024-09-16 14:03:57",Dev Token,Dev Token
265,L21,7,active,2,"2024-09-11 14:31:20","2024-09-16 14:03:58",Dev Token,Dev Token
266,L21,194,active,3,"2024-09-11 14:31:21","2024-09-16 14:03:59",Dev Token,Dev Token
267,L21,347,active,4,"2024-09-11 14:31:22","2024-09-16 14:04:01",Dev Token,Dev Token
268,L21,115,active,5,"2024-09-11 14:31:23","2024-09-16 14:04:02",Dev Token,Dev Token
269,L23,7,active,1,"2024-09-11 14:31:24","2024-09-16 14:04:03",Dev Token,Dev Token
270,L23,208,active,2,"2024-09-11 14:31:25","2024-09-16 14:04:04",Dev Token,Dev Token
271,L23,115,active,3,"2024-09-11 14:31:26","2024-09-16 14:04:05",Dev Token,Dev Token
272,L23,283,inactive,4,"2024-09-11 14:31:27","2024-10-03 17:48:41",Dev Token,Dev Token
273,L23,121,active,5,"2024-09-11 14:31:28","2024-09-16 14:04:07",Dev Token,Dev Token
274,L24,208,active,1,"2024-09-11 14:31:29","2024-09-16 14:04:08",Dev Token,Dev Token
275,L24,7,active,2,"2024-09-11 14:31:30","2024-09-16 14:04:09",Dev Token,Dev Token
276,L24,115,active,3,"2024-09-11 14:31:31","2024-09-16 14:04:10",Dev Token,Dev Token
277,L24,320,active,4,"2024-09-11 14:31:32","2024-09-16 14:04:11",Dev Token,Dev Token
278,L24,283,inactive,5,"2024-09-11 14:31:33","2024-10-03 17:48:43",Dev Token,Dev Token
279,L30,208,active,1,"2024-09-11 14:31:34","2024-09-16 14:04:13",Dev Token,Dev Token
280,L30,7,active,2,"2024-09-11 14:31:35","2024-09-16 14:04:14",Dev Token,Dev Token
281,L30,283,inactive,3,"2024-09-11 14:31:36","2024-10-03 17:48:44",Dev Token,Dev Token
282,L30,115,active,4,"2024-09-11 14:31:37","2024-09-16 14:04:16",Dev Token,Dev Token
283,L30,320,active,5,"2024-09-11 14:31:38","2024-09-16 14:04:18",Dev Token,Dev Token
284,L30.8,208,active,4,"2024-09-11 14:31:39","2024-10-03 17:39:57",Dev Token,Dev Token
285,L30.8,7,active,2,"2024-09-11 14:31:40","2024-09-16 14:04:20",Dev Token,Dev Token
286,L30.8,283,inactive,3,"2024-09-11 14:31:41","2024-10-03 17:48:45",Dev Token,Dev Token
287,L30.8,126,inactive,4,"2024-09-11 14:31:42","2024-10-03 17:47:56",Dev Token,Dev Token
288,L30.8,194,active,5,"2024-09-11 14:31:43","2024-09-16 14:04:23",Dev Token,Dev Token
289,L30.9,208,active,3,"2024-09-11 14:31:44","2024-10-03 17:39:58",Dev Token,Dev Token
290,L30.9,7,active,2,"2024-09-11 14:31:45","2024-09-16 14:04:25",Dev Token,Dev Token
291,L30.9,126,inactive,3,"2024-09-11 14:31:46","2024-10-03 17:47:57",Dev Token,Dev Token
292,L30.9,127,active,4,"2024-09-11 14:31:48","2024-09-16 14:04:27",Dev Token,Dev Token
293,L30.9,283,inactive,5,"2024-09-11 14:31:49","2024-10-03 17:48:46",Dev Token,Dev Token
294,L50,7,active,1,"2024-09-11 14:31:50","2024-09-16 14:04:29",Dev Token,Dev Token
295,L50,208,active,4,"2024-09-11 14:31:51","2024-10-03 17:39:59",Dev Token,Dev Token
296,L50,283,inactive,3,"2024-09-11 14:31:52","2024-10-03 17:48:47",Dev Token,Dev Token
297,L50,126,inactive,4,"2024-09-11 14:31:53","2024-10-03 17:47:58",Dev Token,Dev Token
298,L50,115,active,5,"2024-09-11 14:31:54","2024-09-16 14:04:33",Dev Token,Dev Token
299,L50.0,208,active,1,"2024-09-11 14:31:55","2024-09-16 14:04:34",Dev Token,Dev Token
300,L50.0,7,active,2,"2024-09-11 14:31:56","2024-09-16 14:04:35",Dev Token,Dev Token
301,L50.0,283,inactive,3,"2024-09-11 14:31:57","2024-10-03 17:48:48",Dev Token,Dev Token
302,L50.0,296,inactive,4,"2024-09-11 14:31:58","2024-10-03 17:48:27",Dev Token,Dev Token
303,L50.0,115,active,5,"2024-09-11 14:31:59","2024-09-16 14:04:39",Dev Token,Dev Token
304,L65.0,208,active,1,"2024-09-11 14:32:00","2024-09-16 14:04:40",Dev Token,Dev Token
305,L65.0,24,active,2,"2024-09-11 14:32:01","2024-09-16 14:04:41",Dev Token,Dev Token
306,L65.0,21,active,3,"2024-09-11 14:32:02","2024-09-16 14:04:42",Dev Token,Dev Token
307,L65.0,70,active,4,"2024-09-11 14:32:03","2024-09-16 14:04:43",Dev Token,Dev Token
308,L65.0,254,active,5,"2024-09-11 14:32:04","2024-09-16 14:04:44",Dev Token,Dev Token
309,L70,208,active,1,"2024-09-11 14:32:05","2024-09-16 14:04:45",Dev Token,Dev Token
310,L70,320,active,2,"2024-09-11 14:32:06","2024-09-16 14:04:46",Dev Token,Dev Token
311,L70,194,active,3,"2024-09-11 14:32:07","2024-09-16 14:04:47",Dev Token,Dev Token
312,L70,170,active,4,"2024-09-11 14:32:08","2024-09-16 14:04:48",Dev Token,Dev Token
313,L70,319,active,5,"2024-09-11 14:32:09","2024-09-16 14:04:49",Dev Token,Dev Token
314,L70.0,7,active,1,"2024-09-11 14:32:10","2024-09-16 14:04:50",Dev Token,Dev Token
315,L70.0,208,active,3,"2024-09-11 14:32:11","2024-10-03 17:40:00",Dev Token,Dev Token
316,L70.0,126,inactive,3,"2024-09-11 14:32:12","2024-10-03 17:47:59",Dev Token,Dev Token
317,L70.0,320,active,4,"2024-09-11 14:32:13","2024-09-16 14:04:53",Dev Token,Dev Token
318,L70.0,24,active,5,"2024-09-11 14:32:14","2024-09-16 14:04:54",Dev Token,Dev Token
319,L70.9,208,active,1,"2024-09-11 14:32:15","2024-09-16 14:04:55",Dev Token,Dev Token
320,L70.9,7,active,2,"2024-09-11 14:32:16","2024-09-16 14:04:56",Dev Token,Dev Token
321,L70.9,188,active,3,"2024-09-11 14:32:17","2024-09-16 14:04:57",Dev Token,Dev Token
322,L70.9,133,active,4,"2024-09-11 14:32:18","2024-09-16 14:04:58",Dev Token,Dev Token
323,L70.9,172,active,5,"2024-09-11 14:32:20","2024-09-16 14:05:00",Dev Token,Dev Token
324,L81,320,active,1,"2024-09-11 14:32:21","2024-09-16 14:05:01",Dev Token,Dev Token
325,L81,319,active,2,"2024-09-11 14:32:22","2024-09-16 14:05:02",Dev Token,Dev Token
326,L81,208,active,3,"2024-09-11 14:32:23","2024-09-16 14:05:03",Dev Token,Dev Token
327,L81,170,active,4,"2024-09-11 14:32:24","2024-09-16 14:05:04",Dev Token,Dev Token
328,L81,7,active,5,"2024-09-11 14:32:25","2024-09-16 14:05:05",Dev Token,Dev Token
329,L81.0,320,active,1,"2024-09-11 14:32:26","2024-09-16 14:05:06",Dev Token,Dev Token
330,L81.0,319,active,2,"2024-09-11 14:32:27","2024-09-16 14:05:07",Dev Token,Dev Token
331,L81.0,208,active,3,"2024-09-11 14:32:28","2024-09-16 14:05:08",Dev Token,Dev Token
332,L81.0,7,active,4,"2024-09-11 14:32:29","2024-09-16 14:05:09",Dev Token,Dev Token
333,L81.0,115,active,5,"2024-09-11 14:32:30","2024-09-16 14:05:10",Dev Token,Dev Token
334,M54.5,208,active,2,"2024-09-11 14:32:31","2024-10-03 17:40:01",Dev Token,Dev Token
335,M54.5,126,inactive,2,"2024-09-11 14:32:32","2024-10-03 17:48:00",Dev Token,Dev Token
336,M54.5,127,active,3,"2024-09-11 14:32:33","2024-09-16 14:05:13",Dev Token,Dev Token
337,M54.5,356,active,4,"2024-09-11 14:32:34","2024-09-16 14:05:14",Dev Token,Dev Token
338,M54.5,32,active,5,"2024-09-11 14:32:35","2024-09-16 14:05:15",Dev Token,Dev Token
339,M79.1,208,active,1,"2024-09-11 14:32:36","2024-09-16 14:05:16",Dev Token,Dev Token
340,M79.1,53,active,2,"2024-09-11 14:32:37","2024-09-16 14:05:17",Dev Token,Dev Token
341,M79.1,55,active,3,"2024-09-11 14:32:38","2024-09-16 14:05:19",Dev Token,Dev Token
342,M79.1,356,active,4,"2024-09-11 14:32:39","2024-09-16 14:05:20",Dev Token,Dev Token
343,M79.1,127,active,5,"2024-09-11 14:32:40","2024-09-16 14:05:21",Dev Token,Dev Token
344,N34,158,active,4,"2024-09-11 14:32:41","2024-09-16 14:05:25",Dev Token,Dev Token
345,N34,17,active,2,"2024-09-11 14:32:42","2024-09-16 14:05:23",Dev Token,Dev Token
346,N34,208,active,3,"2024-09-11 14:32:43","2024-09-16 14:05:24",Dev Token,Dev Token
347,N34,98,active,5,"2024-09-11 14:32:45","2024-09-16 14:05:26",Dev Token,Dev Token
348,N39.0,158,active,1,"2024-09-11 14:32:46","2024-09-16 14:05:27",Dev Token,Dev Token
349,N39.0,208,active,2,"2024-09-11 14:32:47","2024-09-16 14:05:28",Dev Token,Dev Token
350,N39.0,6,active,3,"2024-09-11 14:32:48","2024-09-16 14:05:29",Dev Token,Dev Token
351,N39.0,69,active,4,"2024-09-11 14:32:50","2024-09-16 14:05:30",Dev Token,Dev Token
352,N39.0,54,active,5,"2024-09-11 14:32:51","2024-09-16 14:05:31",Dev Token,Dev Token
353,N76,208,active,1,"2024-09-11 14:32:52","2024-09-16 14:05:32",Dev Token,Dev Token
354,N76,158,active,2,"2024-09-11 14:32:53","2024-09-16 14:05:33",Dev Token,Dev Token
355,N76,17,active,3,"2024-09-11 14:32:54","2024-09-16 14:05:34",Dev Token,Dev Token
356,N76,320,active,4,"2024-09-11 14:32:55","2024-09-16 14:05:35",Dev Token,Dev Token
357,N76,194,active,5,"2024-09-11 14:32:56","2024-09-16 14:05:36",Dev Token,Dev Token
358,N76.0,158,active,1,"2024-09-11 14:32:57","2024-09-16 14:05:37",Dev Token,Dev Token
359,N76.0,17,active,2,"2024-09-11 14:32:58","2024-09-16 14:05:39",Dev Token,Dev Token
360,N76.0,132,active,3,"2024-09-11 14:32:59","2024-09-16 14:05:40",Dev Token,Dev Token
361,N76.0,75,active,4,"2024-09-11 14:33:00","2024-09-16 14:05:41",Dev Token,Dev Token
362,N76.0,130,active,5,"2024-09-11 14:33:01","2024-09-16 14:05:42",Dev Token,Dev Token
363,N91.2,188,active,1,"2024-09-11 14:33:02","2024-09-16 14:05:43",Dev Token,Dev Token
364,N91.2,195,active,2,"2024-09-11 14:33:03","2024-09-16 14:05:44",Dev Token,Dev Token
365,N91.2,78,active,3,"2024-09-11 14:33:04","2024-09-16 14:05:45",Dev Token,Dev Token
366,N91.2,77,active,4,"2024-09-11 14:33:05","2024-09-16 14:05:46",Dev Token,Dev Token
367,N91.2,133,active,5,"2024-09-11 14:33:06","2024-09-16 14:05:47",Dev Token,Dev Token
368,N92.6,188,active,1,"2024-09-11 14:33:07","2024-09-16 14:05:48",Dev Token,Dev Token
369,N92.6,78,active,2,"2024-09-11 14:33:08","2024-09-16 14:05:49",Dev Token,Dev Token
370,N92.6,77,active,3,"2024-09-11 14:33:09","2024-09-16 14:05:50",Dev Token,Dev Token
371,N92.6,208,active,4,"2024-09-11 14:33:10","2024-09-16 14:05:51",Dev Token,Dev Token
372,N92.6,133,active,5,"2024-09-11 14:33:11","2024-09-16 14:05:52",Dev Token,Dev Token
373,N93.9,208,active,1,"2024-09-11 14:33:12","2024-09-16 14:05:53",Dev Token,Dev Token
374,N93.9,188,active,2,"2024-09-11 14:33:13","2024-09-16 14:05:54",Dev Token,Dev Token
375,N93.9,78,active,3,"2024-09-11 14:33:14","2024-09-16 14:05:55",Dev Token,Dev Token
376,N93.9,24,active,4,"2024-09-11 14:33:15","2024-09-16 14:05:56",Dev Token,Dev Token
377,N93.9,195,active,5,"2024-09-11 14:33:16","2024-09-16 14:05:57",Dev Token,Dev Token
378,O20.0,208,active,5,"2024-09-11 14:33:17","2024-10-03 17:40:02",Dev Token,Dev Token
379,O20.0,158,active,2,"2024-09-11 14:33:18","2024-09-16 14:05:59",Dev Token,Dev Token
380,O20.0,24,active,3,"2024-09-11 14:33:19","2024-09-16 14:06:01",Dev Token,Dev Token
381,O20.0,195,active,4,"2024-09-11 14:33:20","2024-09-16 14:06:02",Dev Token,Dev Token
382,O20.0,126,inactive,5,"2024-09-11 14:33:21","2024-10-03 17:48:01",Dev Token,Dev Token
383,R05,208,active,4,"2024-09-11 14:33:23","2024-10-03 17:40:03",Dev Token,Dev Token
384,R05,7,active,2,"2024-09-11 14:33:24","2024-09-16 14:06:05",Dev Token,Dev Token
385,R05,124,active,3,"2024-09-11 14:33:25","2024-09-16 14:06:06",Dev Token,Dev Token
386,R05,126,inactive,4,"2024-09-11 14:33:26","2024-10-03 17:48:02",Dev Token,Dev Token
387,R05,296,inactive,5,"2024-09-11 14:33:27","2024-10-03 17:48:28",Dev Token,Dev Token
388,R10.4,208,active,5,"2024-09-11 14:33:28","2024-10-03 17:40:04",Dev Token,Dev Token
389,R10.4,158,active,2,"2024-09-11 14:33:29","2024-09-16 14:06:10",Dev Token,Dev Token
390,R10.4,127,active,3,"2024-09-11 14:33:30","2024-09-16 14:06:11",Dev Token,Dev Token
391,R10.4,200,active,4,"2024-09-11 14:33:31","2024-09-16 14:06:12",Dev Token,Dev Token
392,R10.4,126,inactive,5,"2024-09-11 14:33:32","2024-10-03 17:48:03",Dev Token,Dev Token
393,R11,208,active,2,"2024-09-11 14:33:33","2024-10-03 17:40:05",Dev Token,Dev Token
394,R11,126,inactive,2,"2024-09-11 14:33:34","2024-10-03 17:48:05",Dev Token,Dev Token
395,R11,127,active,3,"2024-09-11 14:33:35","2024-09-16 14:06:16",Dev Token,Dev Token
396,R11,244,active,4,"2024-09-11 14:33:36","2024-09-16 14:06:17",Dev Token,Dev Token
397,R11,102,active,5,"2024-09-11 14:33:37","2024-09-16 14:06:18",Dev Token,Dev Token
398,R50,208,active,1,"2024-09-11 14:33:38","2024-09-16 14:06:19",Dev Token,Dev Token
399,R50,296,inactive,2,"2024-09-11 14:33:39","2024-10-03 17:48:29",Dev Token,Dev Token
400,R50,249,inactive,3,"2024-09-11 14:33:40","2024-10-03 17:48:56",Dev Token,Dev Token
401,R50,158,active,4,"2024-09-11 14:33:41","2024-09-16 14:06:23",Dev Token,Dev Token
402,R50,117,active,5,"2024-09-11 14:33:42","2024-09-16 14:06:24",Dev Token,Dev Token
403,R50.0,208,active,3,"2024-09-11 14:33:43","2024-10-03 17:40:06",Dev Token,Dev Token
404,R50.0,296,inactive,2,"2024-09-11 14:33:44","2024-10-03 17:48:30",Dev Token,Dev Token
405,R50.0,126,inactive,3,"2024-09-11 14:33:45","2024-10-03 17:48:06",Dev Token,Dev Token
406,R50.0,173,active,4,"2024-09-11 14:33:46","2024-09-16 14:06:28",Dev Token,Dev Token
407,R50.0,137,active,5,"2024-09-11 14:33:47","2024-09-16 14:06:29",Dev Token,Dev Token
408,R50.9,208,active,1,"2024-09-11 14:33:48","2024-09-16 14:06:30",Dev Token,Dev Token
409,R50.9,296,inactive,2,"2024-09-11 14:33:49","2024-10-03 17:48:31",Dev Token,Dev Token
410,R50.9,137,active,3,"2024-09-11 14:33:50","2024-09-16 14:06:32",Dev Token,Dev Token
411,R50.9,120,active,4,"2024-09-11 14:33:51","2024-09-16 14:06:33",Dev Token,Dev Token
412,R50.9,249,inactive,5,"2024-09-11 14:33:52","2024-10-03 17:48:57",Dev Token,Dev Token
413,R51,208,active,2,"2024-09-11 14:33:54","2024-10-03 17:40:07",Dev Token,Dev Token
414,R51,126,inactive,2,"2024-09-11 14:33:55","2024-10-03 17:48:07",Dev Token,Dev Token
415,R51,32,active,3,"2024-09-11 14:33:56","2024-09-16 14:06:37",Dev Token,Dev Token
416,R51,43,active,4,"2024-09-11 14:33:57","2024-09-16 14:06:38",Dev Token,Dev Token
417,R51,55,active,5,"2024-09-11 14:33:58","2024-09-16 14:06:39",Dev Token,Dev Token
418,R52.9,208,active,3,"2024-09-11 14:33:59","2024-10-03 17:40:08",Dev Token,Dev Token
419,R52.9,158,active,2,"2024-09-11 14:34:00","2024-09-16 14:06:41",Dev Token,Dev Token
420,R52.9,126,inactive,3,"2024-09-11 14:34:01","2024-10-03 17:48:08",Dev Token,Dev Token
421,R52.9,320,active,4,"2024-09-11 14:34:02","2024-09-16 14:06:44",Dev Token,Dev Token
422,R52.9,18,inactive,5,"2024-09-11 14:34:03","2024-10-03 17:48:14",Dev Token,Dev Token
423,T78.4,208,active,1,"2024-09-11 14:34:04","2024-09-16 14:06:46",Dev Token,Dev Token
424,T78.4,7,active,2,"2024-09-11 14:34:05","2024-09-16 14:06:47",Dev Token,Dev Token
425,T78.4,283,inactive,3,"2024-09-11 14:34:06","2024-10-03 17:48:49",Dev Token,Dev Token
426,T78.4,115,active,4,"2024-09-11 14:34:07","2024-09-16 14:06:49",Dev Token,Dev Token
427,T78.4,121,active,5,"2024-09-11 14:34:08","2024-09-16 14:06:50",Dev Token,Dev Token
428,W57,208,active,1,"2024-09-11 14:34:09","2024-09-16 14:06:51",Dev Token,Dev Token
429,W57,7,active,2,"2024-09-11 14:34:10","2024-09-16 14:06:52",Dev Token,Dev Token
430,W57,283,inactive,3,"2024-09-11 14:34:11","2024-10-03 17:48:50",Dev Token,Dev Token
431,W57,115,active,4,"2024-09-11 14:34:12","2024-09-16 14:06:54",Dev Token,Dev Token
432,W57,320,active,5,"2024-09-11 14:34:13","2024-09-16 14:06:55",Dev Token,Dev Token
433,Z00,208,active,1,"2024-09-11 14:34:14","2024-09-16 14:06:56",Dev Token,Dev Token
434,Z00,32,active,2,"2024-09-11 14:34:15","2024-09-16 14:06:57",Dev Token,Dev Token
435,Z00,158,active,3,"2024-09-11 14:34:16","2024-09-16 14:06:58",Dev Token,Dev Token
436,Z00,17,active,4,"2024-09-11 14:34:17","2024-09-16 14:06:59",Dev Token,Dev Token
437,Z00,53,active,5,"2024-09-11 14:34:18","2024-09-16 14:07:01",Dev Token,Dev Token
438,Z00.1,208,active,3,"2024-09-11 14:34:19","2024-10-03 17:40:09",Dev Token,Dev Token
439,Z00.1,200,active,2,"2024-09-11 14:34:20","2024-09-16 14:07:03",Dev Token,Dev Token
440,Z00.1,126,inactive,3,"2024-09-11 14:34:21","2024-10-03 17:48:09",Dev Token,Dev Token
441,Z00.1,158,active,4,"2024-09-11 14:34:22","2024-09-16 14:07:05",Dev Token,Dev Token
442,Z00.1,22,inactive,5,"2024-09-11 14:34:23","2024-10-03 17:48:59",Dev Token,Dev Token
443,Z30,195,active,1,"2024-09-11 14:34:24","2024-09-16 14:07:07",Dev Token,Dev Token
444,Z30,208,active,2,"2024-09-11 14:34:25","2024-09-16 14:07:08",Dev Token,Dev Token
445,Z30,320,active,3,"2024-09-11 14:34:26","2024-09-16 14:07:09",Dev Token,Dev Token
446,Z30,240,active,4,"2024-09-11 14:34:27","2024-09-16 14:07:10",Dev Token,Dev Token
447,Z30,24,active,5,"2024-09-11 14:34:29","2024-09-16 14:07:11",Dev Token,Dev Token
448,Z30.0,208,active,1,"2024-09-11 14:34:30","2024-09-16 14:07:12",Dev Token,Dev Token
449,Z30.0,195,active,2,"2024-09-11 14:34:31","2024-09-16 14:07:13",Dev Token,Dev Token
450,Z30.0,158,active,3,"2024-09-11 14:34:32","2024-09-16 14:07:14",Dev Token,Dev Token
451,Z30.0,87,active,4,"2024-09-11 14:34:33","2024-09-16 14:07:15",Dev Token,Dev Token
452,Z30.0,78,active,5,"2024-09-11 14:34:34","2024-09-16 14:07:16",Dev Token,Dev Token
453,Z34,208,active,1,"2024-09-11 14:34:35","2024-09-16 14:07:18",Dev Token,Dev Token
454,Z34,158,active,2,"2024-09-11 14:34:36","2024-09-16 14:07:19",Dev Token,Dev Token
455,Z34,195,active,3,"2024-09-11 14:34:37","2024-09-16 14:07:20",Dev Token,Dev Token
456,Z34,125,active,4,"2024-09-11 14:34:38","2024-09-16 14:07:21",Dev Token,Dev Token
457,Z34,118,active,5,"2024-09-11 14:34:39","2024-09-16 14:07:22",Dev Token,Dev Token
458,Z71,208,active,1,"2024-09-11 14:34:40","2024-09-16 14:07:23",Dev Token,Dev Token
459,Z71,32,active,2,"2024-09-11 14:34:41","2024-09-16 14:07:24",Dev Token,Dev Token
460,Z71,158,active,3,"2024-09-11 14:34:42","2024-09-16 14:07:25",Dev Token,Dev Token
461,Z71,194,active,4,"2024-09-11 14:34:43","2024-09-16 14:07:26",Dev Token,Dev Token
462,Z71,176,active,5,"2024-09-11 14:34:44","2024-09-16 14:07:27",Dev Token,Dev Token
463,Z71.9,53,active,1,"2024-09-11 14:34:45","2024-09-16 14:07:28",Dev Token,Dev Token
464,Z71.9,158,active,2,"2024-09-11 14:34:46","2024-09-16 14:07:29",Dev Token,Dev Token
465,Z71.9,28,inactive,3,"2024-09-11 14:34:47","2024-10-03 17:48:53",Dev Token,Dev Token
466,Z71.9,170,active,4,"2024-09-11 14:34:48","2024-09-16 14:07:31",Dev Token,Dev Token
467,Z71.9,208,active,5,"2024-09-11 14:34:49","2024-09-16 14:07:32",Dev Token,Dev Token
468,Z76,208,active,4,"2024-09-11 14:34:50","2024-10-03 17:40:11",Dev Token,Dev Token
469,Z76,87,active,2,"2024-09-11 14:34:51","2024-09-16 14:07:34",Dev Token,Dev Token
470,Z76,158,active,3,"2024-09-11 14:34:52","2024-09-16 14:07:35",Dev Token,Dev Token
471,Z76,126,inactive,4,"2024-09-11 14:34:53","2024-10-03 17:48:10",Dev Token,Dev Token
472,Z76,127,active,5,"2024-09-11 14:34:54","2024-09-16 14:07:38",Dev Token,Dev Token
473,B34.9,28,inactive,1,"2024-09-11 14:34:55","2024-10-03 17:48:54",Dev Token,Dev Token
474,B34.9,296,inactive,2,"2024-09-11 14:34:56","2024-10-03 17:48:32",Dev Token,Dev Token
475,B34.9,249,inactive,3,"2024-09-11 14:34:57","2024-10-03 17:48:58",Dev Token,Dev Token
476,B34.9,131,active,4,"2024-09-11 14:34:59","2024-09-16 14:07:42",Dev Token,Dev Token
477,B34.9,162,active,5,"2024-09-11 14:35:00","2024-09-16 14:07:43",Dev Token,Dev Token
478,B34.2,28,inactive,1,"2024-09-11 14:35:01","2024-10-03 17:48:55",Dev Token,Dev Token
479,B34.2,33,active,2,"2024-09-11 14:35:02","2024-09-16 14:07:45",Dev Token,Dev Token
480,B34.2,47,active,3,"2024-09-11 14:35:03","2024-09-16 14:07:46",Dev Token,Dev Token
481,B34.2,124,active,4,"2024-09-11 14:35:04","2024-09-16 14:07:47",Dev Token,Dev Token
482,B34.2,131,active,5,"2024-09-11 14:35:05","2024-09-16 14:07:48",Dev Token,Dev Token
483,A54,212,active,5,"2024-10-03 17:39:24","2024-10-03 17:39:24",Dev Token,Dev Token
484,B37,212,active,3,"2024-10-03 17:39:25","2024-10-03 17:39:25",Dev Token,Dev Token
485,B37.3,212,active,3,"2024-10-03 17:39:26","2024-10-03 17:39:26",Dev Token,Dev Token
486,I84,208,active,2,"2024-10-03 17:39:41","2024-10-03 17:39:41",Dev Token,Dev Token
487,A88.1,217,active,2,"2024-10-03 17:40:12","2024-10-03 17:40:12",Dev Token,Dev Token
488,I10,217,active,3,"2024-10-03 17:40:13","2024-10-03 17:40:13",Dev Token,Dev Token
489,J02.0,217,active,4,"2024-10-03 17:40:14","2024-10-03 17:40:14",Dev Token,Dev Token
490,R52.9,217,active,5,"2024-10-03 17:40:15","2024-10-03 17:40:15",Dev Token,Dev Token
491,B01,297,active,5,"2024-10-03 17:40:16","2024-10-03 17:40:16",Dev Token,Dev Token
492,B26,297,active,4,"2024-10-03 17:40:17","2024-10-03 17:40:17",Dev Token,Dev Token
493,B34.8,297,active,2,"2024-10-03 17:40:18","2024-10-03 17:40:18",Dev Token,Dev Token
494,H00.0,297,active,4,"2024-10-03 17:40:19","2024-10-03 17:40:19",Dev Token,Dev Token
495,J02,297,active,4,"2024-10-03 17:40:20","2024-10-03 17:40:20",Dev Token,Dev Token
496,J02.0,297,active,2,"2024-10-03 17:40:21","2024-10-03 17:40:21",Dev Token,Dev Token
497,J02.8,297,active,3,"2024-10-03 17:40:22","2024-10-03 17:40:22",Dev Token,Dev Token
498,J03,297,active,1,"2024-10-03 17:40:23","2024-10-03 17:40:23",Dev Token,Dev Token
499,J06,297,active,2,"2024-10-03 17:40:24","2024-10-03 17:40:24",Dev Token,Dev Token
500,J06.9,297,active,5,"2024-10-03 17:40:25","2024-10-03 17:40:25",Dev Token,Dev Token
501,J11,297,active,2,"2024-10-03 17:40:26","2024-10-03 17:40:26",Dev Token,Dev Token
502,L50.0,297,active,4,"2024-10-03 17:40:28","2024-10-03 17:40:28",Dev Token,Dev Token
503,R05,297,active,5,"2024-10-03 17:40:29","2024-10-03 17:40:29",Dev Token,Dev Token
504,R50,297,active,2,"2024-10-03 17:40:30","2024-10-03 17:40:30",Dev Token,Dev Token
505,R50.0,297,active,2,"2024-10-03 17:40:31","2024-10-03 17:40:31",Dev Token,Dev Token
506,R50.9,297,active,2,"2024-10-03 17:40:32","2024-10-03 17:40:32",Dev Token,Dev Token
507,B34.9,297,active,2,"2024-10-03 17:40:33","2024-10-03 17:40:33",Dev Token,Dev Token
508,B86,269,active,3,"2024-10-03 17:40:34","2024-10-03 17:40:34",Dev Token,Dev Token
509,H01.0,269,active,2,"2024-10-03 17:40:35","2024-10-03 17:40:35",Dev Token,Dev Token
510,H10,269,active,3,"2024-10-03 17:40:36","2024-10-03 17:40:36",Dev Token,Dev Token
511,J30,269,active,3,"2024-10-03 17:40:37","2024-10-03 17:40:37",Dev Token,Dev Token
512,J45,269,active,5,"2024-10-03 17:40:38","2024-10-03 17:40:38",Dev Token,Dev Token
513,L08.0,269,active,5,"2024-10-03 17:40:39","2024-10-03 17:40:39",Dev Token,Dev Token
514,L20,269,active,3,"2024-10-03 17:40:40","2024-10-03 17:40:40",Dev Token,Dev Token
515,L20.8,269,active,3,"2024-10-03 17:40:41","2024-10-03 17:40:41",Dev Token,Dev Token
516,L23,269,active,4,"2024-10-03 17:40:42","2024-10-03 17:40:42",Dev Token,Dev Token
517,L24,269,active,5,"2024-10-03 17:40:43","2024-10-03 17:40:43",Dev Token,Dev Token
518,L30,269,active,3,"2024-10-03 17:40:44","2024-10-03 17:40:44",Dev Token,Dev Token
519,L30.8,269,active,3,"2024-10-03 17:40:45","2024-10-03 17:40:45",Dev Token,Dev Token
520,L30.9,269,active,5,"2024-10-03 17:40:47","2024-10-03 17:40:47",Dev Token,Dev Token
521,L50,269,active,3,"2024-10-03 17:40:48","2024-10-03 17:40:48",Dev Token,Dev Token
522,L50.0,269,active,3,"2024-10-03 17:40:49","2024-10-03 17:40:49",Dev Token,Dev Token
523,T78.4,269,active,3,"2024-10-03 17:40:50","2024-10-03 17:40:50",Dev Token,Dev Token
524,W57,269,active,3,"2024-10-03 17:40:51","2024-10-03 17:40:51",Dev Token,Dev Token
525,I84,218,active,1,"2024-10-03 17:40:52","2024-10-03 17:40:52",Dev Token,Dev Token
526,J11,218,active,5,"2024-10-03 17:40:53","2024-10-03 17:40:53",Dev Token,Dev Token
527,Z71.9,218,active,3,"2024-10-03 17:40:54","2024-10-03 17:40:54",Dev Token,Dev Token
528,B34.9,218,active,1,"2024-10-03 17:40:55","2024-10-03 17:40:55",Dev Token,Dev Token
529,B34.2,218,active,1,"2024-10-03 17:40:56","2024-10-03 17:40:56",Dev Token,Dev Token
530,R50,348,active,3,"2024-10-03 17:40:57","2024-10-03 17:40:57",Dev Token,Dev Token
531,R50.9,348,active,5,"2024-10-03 17:40:58","2024-10-03 17:40:58",Dev Token,Dev Token
532,B34.9,348,active,3,"2024-10-03 17:40:59","2024-10-03 17:40:59",Dev Token,Dev Token
533,Z00.1,209,active,5,"2024-10-03 17:41:00","2024-10-03 17:41:00",Dev Token,Dev Token
534,B01,411,active,1,"2025-06-25 14:22:46","2025-06-25 14:22:46",Dev Token,Dev Token
535,B01,156,active,3,"2025-06-25 14:22:47","2025-06-25 14:22:47",Dev Token,Dev Token
536,B01,320,active,4,"2025-06-25 14:22:47","2025-06-25 14:22:47",Dev Token,Dev Token
537,B01,347,active,5,"2025-06-25 14:22:47","2025-06-25 14:22:47",Dev Token,Dev Token
538,B02,411,active,1,"2025-06-25 14:22:47","2025-06-25 14:22:47",Dev Token,Dev Token
539,B02,156,active,3,"2025-06-25 14:22:47","2025-06-25 14:22:47",Dev Token,Dev Token
