"id","created_at","created_by","updated_at","updated_by","medical_staff_id","demand_zone_id","quota_per_slot","external_id","deleted"
1,"2024-03-14 21:36:23",roy.haryanto,"2024-03-14 21:59:36",audhy.prabowo,2,1,4,"713c96c0-10c0-4464-b525-966213f8882b",0
2,"2024-03-14 21:36:23",roy.haryanto,"2024-03-14 21:59:36",audhy.prabowo,3,1,4,"440b9b07-dce1-45d1-ba72-4d212529a678",0
3,"2024-03-14 21:36:23",roy.haryanto,"2024-03-14 21:59:36",audhy.prabowo,1,1,12,a729ecbc-5e28-4708-b0e9-205396b281f7,0
4,"2024-03-14 21:36:45",roy.haryanto,"2024-03-14 21:36:45",roy.haryanto,3,2,0,eaef0a5d-594a-42e9-9e2e-a9a9e19dfe72,0
5,"2024-03-14 21:36:45",roy.haryanto,"2024-03-14 23:02:30",audhy.prabowo,1,2,3,cc99f13e-49fb-463a-8deb-4f2e448cdf8a,0
6,"2024-03-14 21:36:45",roy.haryanto,"2024-03-14 21:36:45",roy.haryanto,2,2,0,acb9c843-6aa9-4e47-b4b4-c8cdd8749a4d,0
7,"2024-03-14 21:36:51",roy.haryanto,"2025-02-14 06:35:04",wiwin.dwiutami.hakim,1,3,0,"334ee908-c11b-4eec-8318-1d8f543afb93",0
8,"2024-03-14 21:36:51",roy.haryanto,"2025-02-14 06:35:04",wiwin.dwiutami.hakim,3,3,0,df06969b-35e8-488a-9069-1b34fa9b9294,0
9,"2024-03-14 21:36:51",roy.haryanto,"2025-02-14 06:35:04",wiwin.dwiutami.hakim,2,3,0,"1e412d45-3086-4bd8-8f5a-0ee0f1e19efc",0
10,"2024-03-14 21:36:57",roy.haryanto,"2024-06-14 17:24:19",rita.susanti,1,4,100,"31b1b899-f814-4b28-9e3d-391b5bfce4b3",0
11,"2024-03-14 21:36:57",roy.haryanto,"2024-07-05 14:18:56",rita.susanti,3,4,50,"36698350-32e1-4e7a-a779-909fe7e1a668",0
12,"2024-03-14 21:36:57",roy.haryanto,"2024-06-13 17:43:57",rita.susanti,2,4,1,"20436d25-3384-4113-9e1e-0567a31b1dec",0
13,"2024-03-15 05:31:09",audhy.prabowo,"2025-05-07 11:27:53",wiwin.dwiutami.hakim,3,5,10,"523ead0d-c961-4b5f-a832-7e8536dd81aa",0
14,"2024-03-15 05:31:09",audhy.prabowo,"2024-10-01 10:54:12",wiwin.dwiutami.hakim,2,5,10,c7cbfa36-d3ba-4215-948b-df9103b7129c,0
15,"2024-03-15 05:31:09",audhy.prabowo,"2025-01-24 13:54:36",wiwin.dwiutami.hakim,1,5,15,f0dd4f56-aa62-4da9-a7e4-15746e587d5b,0
16,"2024-03-15 05:32:47",audhy.prabowo,"2025-05-07 11:28:18",wiwin.dwiutami.hakim,1,6,15,a8dd4f31-7e14-44b0-a94c-291328198aec,0
17,"2024-03-15 05:32:47",audhy.prabowo,"2025-05-07 11:28:18",wiwin.dwiutami.hakim,3,6,8,"5d6dcde6-eaca-4ca6-9908-be075be87e68",0
18,"2024-03-15 05:32:47",audhy.prabowo,"2025-05-07 11:28:18",wiwin.dwiutami.hakim,2,6,10,"24b87fd3-c277-4b1a-9d09-39676f447011",0
19,"2024-03-15 05:34:15",audhy.prabowo,"2025-05-07 11:28:32",wiwin.dwiutami.hakim,3,7,8,"78f0f291-36ee-4aea-8e93-b987cdaeba5b",0
20,"2024-03-15 05:34:15",audhy.prabowo,"2025-05-07 11:28:32",wiwin.dwiutami.hakim,1,7,15,a5be8e92-a661-44a9-b724-7478fc9143e1,0
21,"2024-03-15 05:34:15",audhy.prabowo,"2024-08-15 17:44:08",wiwin.dwiutami.hakim,2,7,10,"8de6134a-4536-4851-9904-63bd85a1cbbe",0
22,"2024-03-15 05:35:16",audhy.prabowo,"2025-05-07 11:28:49",wiwin.dwiutami.hakim,3,8,8,f3ea6170-eb1b-45a7-9724-233eb546649d,0
23,"2024-03-15 05:35:16",audhy.prabowo,"2025-05-07 11:28:49",wiwin.dwiutami.hakim,2,8,10,a5f4b61d-b2ff-4ff6-b1e0-43ae388980a4,0
24,"2024-03-15 05:35:16",audhy.prabowo,"2025-05-07 11:28:49",wiwin.dwiutami.hakim,1,8,15,b8924de2-8455-434d-af7b-644a30d6cd6c,0
25,"2024-03-15 05:36:23",audhy.prabowo,"2025-06-23 18:00:46",wiwin.dwiutami.hakim,1,9,10,c5b698a5-6b42-4187-a561-49b1740fbf3b,0
26,"2024-03-15 05:36:23",audhy.prabowo,"2025-06-23 18:00:46",wiwin.dwiutami.hakim,3,9,8,cb8fd135-b791-45e2-8fcf-fd96c67492fd,0
27,"2024-03-15 05:36:23",audhy.prabowo,"2025-06-23 18:00:46",wiwin.dwiutami.hakim,2,9,10,"2c48a879-97ce-46d8-a8c9-228ce4ae34d4",0
28,"2024-03-15 05:40:26",audhy.prabowo,"2025-01-24 13:56:40",wiwin.dwiutami.hakim,1,10,10,"6fe7f9a9-123a-4ff1-a63a-f65b3390bf52",0
29,"2024-03-15 05:40:26",audhy.prabowo,"2025-05-07 11:30:09",wiwin.dwiutami.hakim,2,10,10,"5891f308-4e7b-46cc-84ed-2c45b8345806",0
30,"2024-03-15 05:40:26",audhy.prabowo,"2025-05-07 11:30:09",wiwin.dwiutami.hakim,3,10,10,"382e90ca-4a52-4cf9-b011-353ffa72808b",0
31,"2024-03-15 05:41:13",audhy.prabowo,"2025-05-07 11:30:24",wiwin.dwiutami.hakim,1,11,10,"8e924222-0712-45ae-b041-8426515aae05",0
32,"2024-03-15 05:41:13",audhy.prabowo,"2025-05-07 11:30:24",wiwin.dwiutami.hakim,3,11,5,"5ae4b8e2-7a68-4e2e-8d1f-c41c871958b6",0
33,"2024-03-15 05:41:13",audhy.prabowo,"2025-05-07 11:30:24",wiwin.dwiutami.hakim,2,11,5,"6d796715-3391-4105-ad15-0cb68e7e8326",0
34,"2024-03-15 05:42:06",audhy.prabowo,"2024-10-02 14:45:32",wiwin.dwiutami.hakim,1,12,1,"26aa3a59-786e-40c2-acc0-92c20643b04f",0
35,"2024-03-15 05:42:06",audhy.prabowo,"2025-01-21 17:02:46",wiwin.dwiutami.hakim,2,12,0,"8ccbf515-2c8e-4d55-99c0-7cfabe8485c1",0
36,"2024-03-15 05:42:06",audhy.prabowo,"2024-05-06 20:56:55",wiwin.dwiutami.hakim,3,12,0,d137403b-33a4-4b4e-9d01-a7891b6d790a,0
37,"2024-03-15 05:45:47",audhy.prabowo,"2025-05-07 11:30:47",wiwin.dwiutami.hakim,1,13,8,eb4363a0-fad7-4798-ab28-9b0eed8315b5,0
38,"2024-03-15 05:45:47",audhy.prabowo,"2025-05-07 11:30:47",wiwin.dwiutami.hakim,2,13,10,"34d43a55-cb18-46d1-8cbc-f5907ed3d08f",0
39,"2024-03-15 05:45:47",audhy.prabowo,"2025-05-07 11:30:47",wiwin.dwiutami.hakim,3,13,5,"90f83994-2a56-40ea-b768-b19b8a126752",0
40,"2024-03-28 13:42:31",audhy.prabowo,"2025-02-14 06:35:21",wiwin.dwiutami.hakim,2,14,0,edaf0a5c-1fe0-4cae-b4e1-cbec3dc12f94,0
41,"2024-03-28 13:42:31",audhy.prabowo,"2025-02-14 06:35:21",wiwin.dwiutami.hakim,1,14,0,"31719204-2443-4261-a5a1-787456866dd3",0
42,"2024-03-28 13:42:31",audhy.prabowo,"2025-02-14 06:35:21",wiwin.dwiutami.hakim,3,14,0,"9d060e7d-a349-4485-b9e8-6161efef7f1d",0
43,"2024-04-01 14:38:43",wiwin.dwiutami.hakim,"2025-01-24 13:53:21",wiwin.dwiutami.hakim,1,15,2,"7b24bf9e-23af-4f3e-be5e-c898432bef31",0
44,"2024-04-01 14:38:43",wiwin.dwiutami.hakim,"2025-05-07 11:27:20",wiwin.dwiutami.hakim,2,15,2,"04fde8c7-6cf8-4dfd-bccb-fa199c3e728c",0
45,"2024-04-01 14:38:43",wiwin.dwiutami.hakim,"2025-05-07 11:27:20",wiwin.dwiutami.hakim,3,15,5,"70a1b2d9-3203-419c-a108-a77260a1b57b",0
46,"2024-04-01 14:39:48",wiwin.dwiutami.hakim,"2025-01-24 13:56:10",wiwin.dwiutami.hakim,1,16,6,d8b23993-aa16-429f-94e1-7f95a7a398bb,0
47,"2024-04-01 14:39:48",wiwin.dwiutami.hakim,"2024-07-05 16:21:33",wiwin.dwiutami.hakim,2,16,1,"08e2e59f-6788-4c4a-91be-574c93d80e28",0
48,"2024-04-01 14:39:48",wiwin.dwiutami.hakim,"2025-05-07 11:27:37",wiwin.dwiutami.hakim,3,16,2,"48362c4b-199f-4ee5-856c-9bd9d35ffe56",0
49,"2024-04-24 12:21:11",wiwin.dwiutami.hakim,"2024-10-18 07:37:51",wiwin.dwiutami.hakim,1,17,0,"93ecea6e-5467-4461-ac81-34fc6b0b176a",0
50,"2024-04-24 12:21:11",wiwin.dwiutami.hakim,"2024-10-18 07:37:51",wiwin.dwiutami.hakim,2,17,0,"89241a30-b862-4183-97e0-c4c53a467451",0
51,"2024-04-24 12:21:11",wiwin.dwiutami.hakim,"2024-10-18 07:37:51",wiwin.dwiutami.hakim,3,17,0,f3c83dac-6d62-4bf1-af0b-3d079ff9caaf,0
52,"2024-05-02 11:20:07",wiwin.dwiutami.hakim,"2025-02-14 06:36:01",wiwin.dwiutami.hakim,1,18,0,"409fda1a-1ac0-4482-b6f0-65ddaa4f7e93",0
53,"2024-05-02 11:20:07",wiwin.dwiutami.hakim,"2025-02-14 06:36:01",wiwin.dwiutami.hakim,3,18,0,b03c92f5-60e0-43c0-b09b-0aad97321111,0
54,"2024-05-02 11:20:07",wiwin.dwiutami.hakim,"2025-02-14 06:36:01",wiwin.dwiutami.hakim,2,18,0,"06a7ecfa-a489-4e22-9905-34756de75e69",0
55,"2024-06-05 11:47:55",wiwin.dwiutami.hakim,"2024-06-05 11:47:55",wiwin.dwiutami.hakim,1,19,0,"0d6575cb-aee6-4ccd-b6a7-eb00be5b6387",0
56,"2024-06-05 11:47:55",wiwin.dwiutami.hakim,"2024-06-05 11:47:55",wiwin.dwiutami.hakim,3,19,0,"28efecfe-29a3-4bbb-8364-3f534aa9a113",0
57,"2024-06-05 11:47:55",wiwin.dwiutami.hakim,"2024-06-05 11:47:55",wiwin.dwiutami.hakim,2,19,0,ee089d5f-4fa3-4866-8105-5bf7c8c547e7,0
58,"2024-07-05 09:41:47",wiwin.dwiutami.hakim,"2024-11-29 09:10:46",wiwin.dwiutami.hakim,2,20,500,c3898a85-9ead-4afa-a135-9e41be6579f9,0
59,"2024-07-05 09:41:47",wiwin.dwiutami.hakim,"2024-11-29 09:10:46",wiwin.dwiutami.hakim,3,20,500,"05cd2542-26ba-40c8-8d52-c67e81648ecf",0
60,"2024-07-05 09:41:47",wiwin.dwiutami.hakim,"2024-11-29 09:10:46",wiwin.dwiutami.hakim,1,20,500,"2828d96f-13f5-42a7-b237-f90e29788104",0
61,"2024-07-07 09:58:43",wiwin.dwiutami.hakim,"2024-11-29 09:11:22",wiwin.dwiutami.hakim,3,21,500,"3edb517a-a691-472d-b5ce-ee68dc798189",0
62,"2024-07-07 09:58:43",wiwin.dwiutami.hakim,"2024-11-29 09:11:22",wiwin.dwiutami.hakim,2,21,500,c8860788-46c0-4beb-9e58-6ac24f6a076c,0
63,"2024-07-07 09:58:43",wiwin.dwiutami.hakim,"2024-11-29 09:11:22",wiwin.dwiutami.hakim,1,21,500,"5d19ea14-abce-468e-ac02-12e777773cb2",0
64,"2024-07-07 10:01:50",wiwin.dwiutami.hakim,"2025-04-30 15:13:19",wiwin.dwiutami.hakim,2,22,500,"491a3977-013d-4d23-a718-dec6c0aaa65e",0
65,"2024-07-07 10:01:50",wiwin.dwiutami.hakim,"2025-04-30 15:13:19",wiwin.dwiutami.hakim,1,22,500,"88666b55-dd63-45e3-ab4a-2ac3d26bb70b",0
66,"2024-07-07 10:01:50",wiwin.dwiutami.hakim,"2025-04-30 15:13:19",wiwin.dwiutami.hakim,3,22,500,"78f58fbb-5081-4ca7-aee7-25f322988032",0
67,"2024-11-29 09:06:22",wiwin.dwiutami.hakim,"2024-11-29 09:09:54",wiwin.dwiutami.hakim,3,23,500,d51baf08-2dc8-4f66-ac31-d76f02648504,0
68,"2024-11-29 09:06:22",wiwin.dwiutami.hakim,"2024-11-29 09:09:54",wiwin.dwiutami.hakim,2,23,500,e0814abc-b8b5-42a3-bddc-93eeededad22,0
69,"2024-11-29 09:06:22",wiwin.dwiutami.hakim,"2024-11-29 09:09:54",wiwin.dwiutami.hakim,1,23,500,c0865f3c-33da-4681-98ff-9b6d5393037a,0
70,"2024-12-18 12:54:32",wiwin.dwiutami.hakim,"2024-12-27 10:16:24",wiwin.dwiutami.hakim,3,24,1,"30b9d578-2c4d-4cd9-89c7-bb4b2ebdac23",0
71,"2024-12-18 12:54:32",wiwin.dwiutami.hakim,"2024-12-18 12:54:32",wiwin.dwiutami.hakim,1,24,0,"90da245e-571d-45a7-a661-50e2e0f8a91d",0
72,"2024-12-18 12:54:32",wiwin.dwiutami.hakim,"2024-12-18 12:54:32",wiwin.dwiutami.hakim,2,24,0,"95f15f7c-ad1e-4419-be5c-7676aed81afe",0
73,"2024-12-20 18:40:54",wiwin.dwiutami.hakim,"2024-12-20 18:40:54",wiwin.dwiutami.hakim,3,25,500,e6040041-5078-4dae-b750-92e4e70064c7,0
74,"2024-12-20 18:40:54",wiwin.dwiutami.hakim,"2024-12-20 18:40:54",wiwin.dwiutami.hakim,1,25,500,a98b65be-1db7-4637-a732-ab84deadcad8,0
75,"2024-12-20 18:40:54",wiwin.dwiutami.hakim,"2024-12-20 18:40:54",wiwin.dwiutami.hakim,2,25,500,"946747b7-6b61-4204-9c66-c0a8d0c075ba",0
76,"2025-01-09 09:44:10",wiwin.dwiutami.hakim,"2025-01-14 12:00:54",wiwin.dwiutami.hakim,2,26,0,"788beb10-1f7a-433a-b794-2d5353f5b291",0
77,"2025-01-09 09:44:10",wiwin.dwiutami.hakim,"2025-01-21 08:18:09",wiwin.dwiutami.hakim,1,26,0,"27dc9b6c-566f-4c55-bbb3-604e0d0e2b45",0
78,"2025-01-09 09:44:10",wiwin.dwiutami.hakim,"2025-01-21 08:18:09",wiwin.dwiutami.hakim,3,26,0,"81916aba-b33a-412b-ac90-c4ac59f05b9b",0
79,"2025-01-09 09:47:59",wiwin.dwiutami.hakim,"2025-05-15 21:08:47",wiwin.dwiutami.hakim,3,27,10,"8e360814-d568-4c38-bff3-36e530cd29b0",0
80,"2025-01-09 09:47:59",wiwin.dwiutami.hakim,"2025-05-15 21:08:47",wiwin.dwiutami.hakim,2,27,10,"97cde30b-1e4f-4d51-ae50-4aec97e9b479",0
81,"2025-01-09 09:47:59",wiwin.dwiutami.hakim,"2025-05-22 15:47:13",wiwin.dwiutami.hakim,1,27,10,e9ac7e5c-1a00-4807-8586-d0790b256952,0
82,"2025-01-09 15:26:52",wiwin.dwiutami.hakim,"2025-01-10 18:24:55",wiwin.dwiutami.hakim,2,29,0,"1a3b9507-edda-457f-8759-975c6e436d5d",0
83,"2025-01-09 15:26:52",wiwin.dwiutami.hakim,"2025-01-10 18:24:55",wiwin.dwiutami.hakim,1,29,0,"0f51f920-12a4-4020-acd8-22b89e0098f3",0
84,"2025-01-09 15:26:52",wiwin.dwiutami.hakim,"2025-01-10 18:24:55",wiwin.dwiutami.hakim,3,29,0,c39d7726-a604-4d99-a8a1-24e9061d31df,0
85,"2025-01-14 11:32:30",wiwin.dwiutami.hakim,"2025-05-15 21:07:43",wiwin.dwiutami.hakim,1,30,10,"77cb1820-fcd4-492b-a08a-6b19967afb26",0
86,"2025-01-14 11:32:30",wiwin.dwiutami.hakim,"2025-05-15 21:07:43",wiwin.dwiutami.hakim,3,30,10,d438abcc-9c9d-47cf-9d45-4d1a10b59688,0
87,"2025-01-14 11:32:30",wiwin.dwiutami.hakim,"2025-05-15 21:07:43",wiwin.dwiutami.hakim,2,30,10,b94ca530-4ea8-4491-b337-53a1dd5a391f,0
88,"2025-01-16 16:31:58",wiwin.dwiutami.hakim,"2025-01-16 16:31:58",wiwin.dwiutami.hakim,1,31,0,bf1c9300-fd65-491e-8d89-56f183bdba56,0
89,"2025-01-16 16:31:58",wiwin.dwiutami.hakim,"2025-01-16 16:31:58",wiwin.dwiutami.hakim,3,31,0,"14695e58-9245-4019-a7ce-da31ee74190f",0
90,"2025-01-16 16:31:58",wiwin.dwiutami.hakim,"2025-01-16 16:31:58",wiwin.dwiutami.hakim,2,31,0,"2589c6ce-1013-4907-bea9-662bba0e5bde",0
91,"2025-01-16 16:34:17",wiwin.dwiutami.hakim,"2025-05-15 21:07:10",wiwin.dwiutami.hakim,3,32,10,"97e5f549-5e03-4f90-8ced-cbd3ad8ef71f",0
92,"2025-01-16 16:34:17",wiwin.dwiutami.hakim,"2025-05-15 21:07:10",wiwin.dwiutami.hakim,2,32,10,"8ad727c0-32e1-4937-abf0-25b730985647",0
93,"2025-01-16 16:34:17",wiwin.dwiutami.hakim,"2025-05-15 21:07:10",wiwin.dwiutami.hakim,1,32,10,"299bddaf-bac9-441e-9d57-103d0460e7f7",0
94,"2025-01-16 16:36:04",wiwin.dwiutami.hakim,"2025-05-15 21:07:35",wiwin.dwiutami.hakim,2,34,10,"56da0714-39cd-42a2-b20e-2ba3f967df6d",0
95,"2025-01-16 16:36:04",wiwin.dwiutami.hakim,"2025-05-15 21:07:35",wiwin.dwiutami.hakim,3,34,10,"6dfd241b-368a-44f2-afa7-af15e155bd10",0
96,"2025-01-16 16:36:04",wiwin.dwiutami.hakim,"2025-05-15 21:07:35",wiwin.dwiutami.hakim,1,34,10,fd265435-33fd-4255-b85f-330798e01184,0
97,"2025-04-25 11:27:23",wiwin.dwiutami.hakim,"2025-05-15 21:07:08",wiwin.dwiutami.hakim,2,35,10,"64d7604d-c69b-4360-94d3-e05b3e8e7e15",0
98,"2025-04-25 11:27:23",wiwin.dwiutami.hakim,"2025-05-15 21:07:08",wiwin.dwiutami.hakim,3,35,10,fb0f8b4f-6012-4101-987b-1e62b0541014,0
99,"2025-04-25 11:27:23",wiwin.dwiutami.hakim,"2025-05-15 21:07:08",wiwin.dwiutami.hakim,1,35,10,e26e221a-24c5-4d42-a949-94940a544118,0
100,"2025-04-25 11:28:30",wiwin.dwiutami.hakim,"2025-06-04 11:10:32",wiwin.dwiutami.hakim,3,36,10,"58d157b8-f001-4a78-9f64-3066e8845bb2",0
101,"2025-04-25 11:28:30",wiwin.dwiutami.hakim,"2025-06-04 11:10:32",wiwin.dwiutami.hakim,2,36,10,"92744e43-997b-459e-84ac-bb96f18f836d",0
102,"2025-04-25 11:28:30",wiwin.dwiutami.hakim,"2025-06-04 11:10:32",wiwin.dwiutami.hakim,1,36,10,c4a8c3ca-d260-4e71-ab0b-1f93489e1325,0
103,"2025-04-25 11:29:24",wiwin.dwiutami.hakim,"2025-05-15 21:09:31",wiwin.dwiutami.hakim,1,37,10,"0c9e145f-11a8-4b54-9b8f-6b3b01c305f3",0
104,"2025-04-25 11:29:24",wiwin.dwiutami.hakim,"2025-05-15 21:09:31",wiwin.dwiutami.hakim,3,37,10,"1ff3d7fe-7fb9-448f-a05f-29db8189be8d",0
105,"2025-04-25 11:29:24",wiwin.dwiutami.hakim,"2025-05-15 21:09:31",wiwin.dwiutami.hakim,2,37,10,"3b3893d6-bbde-4480-999b-af4b9171db09",0
106,"2025-04-25 11:30:09",wiwin.dwiutami.hakim,"2025-05-15 21:07:05",wiwin.dwiutami.hakim,2,38,10,"1cfeabfd-0940-4a21-abc9-d4aa059418ca",0
107,"2025-04-25 11:30:09",wiwin.dwiutami.hakim,"2025-05-15 21:07:05",wiwin.dwiutami.hakim,3,38,10,"6ef3b771-3fe0-4489-8a14-0374faa1a58d",0
108,"2025-04-25 11:30:09",wiwin.dwiutami.hakim,"2025-05-15 21:07:05",wiwin.dwiutami.hakim,1,38,10,"3e8cce14-ebd8-43f1-96f6-965fcf24b00c",0
109,"2025-04-25 11:30:54",wiwin.dwiutami.hakim,"2025-05-15 21:08:49",wiwin.dwiutami.hakim,1,39,10,"3ca41452-9458-405e-abd0-8949b972346a",0
110,"2025-04-25 11:30:54",wiwin.dwiutami.hakim,"2025-05-15 21:08:49",wiwin.dwiutami.hakim,2,39,10,"080be8ef-8d70-45b2-8468-d0b14801ed5f",0
111,"2025-04-25 11:30:54",wiwin.dwiutami.hakim,"2025-05-15 21:08:49",wiwin.dwiutami.hakim,3,39,10,"8858c7e1-52cb-4f9e-bdc1-616896f19f99",0
112,"2025-04-25 11:31:40",wiwin.dwiutami.hakim,"2025-05-15 21:09:40",wiwin.dwiutami.hakim,3,40,10,"2a7472aa-44bc-464f-a307-5448dd16ec99",0
113,"2025-04-25 11:31:40",wiwin.dwiutami.hakim,"2025-05-15 21:09:40",wiwin.dwiutami.hakim,1,40,10,"8f1cc474-e6e0-499a-a266-d92f2a54dbbc",0
114,"2025-04-25 11:31:40",wiwin.dwiutami.hakim,"2025-05-15 21:09:40",wiwin.dwiutami.hakim,2,40,10,"2f69e05f-635d-4cac-8de8-6f1e93430274",0
115,"2025-04-28 14:25:12",wiwin.dwiutami.hakim,"2025-05-15 21:08:53",wiwin.dwiutami.hakim,1,41,10,"3a5617d7-60f6-4491-9590-a7ba0e66d096",0
116,"2025-04-28 14:25:12",wiwin.dwiutami.hakim,"2025-05-15 21:08:53",wiwin.dwiutami.hakim,3,41,10,"2e29b6b9-70e8-4500-b0e7-15a0b08039ac",0
117,"2025-04-28 14:25:12",wiwin.dwiutami.hakim,"2025-05-15 21:08:53",wiwin.dwiutami.hakim,2,41,10,"91e1a916-4852-49c3-9519-5e1d24226959",0
118,"2025-04-28 14:25:59",wiwin.dwiutami.hakim,"2025-05-15 21:07:37",wiwin.dwiutami.hakim,2,42,10,"0b1e8a88-2acd-4125-a888-dfe350f1f4a8",0
119,"2025-04-28 14:25:59",wiwin.dwiutami.hakim,"2025-05-15 21:07:37",wiwin.dwiutami.hakim,1,42,10,"5a1a7e57-b106-40a6-801f-87fca19e922d",0
120,"2025-04-28 14:25:59",wiwin.dwiutami.hakim,"2025-05-15 21:07:37",wiwin.dwiutami.hakim,3,42,10,d25bfd95-34a9-4bd4-a073-db721cf7aee9,0
121,"2025-04-28 14:26:39",wiwin.dwiutami.hakim,"2025-05-15 21:07:11",wiwin.dwiutami.hakim,2,43,10,"1e047787-5fe6-40d1-946a-5836658f82d7",0
122,"2025-04-28 14:26:39",wiwin.dwiutami.hakim,"2025-05-15 21:07:11",wiwin.dwiutami.hakim,3,43,10,"46513d9d-f143-4d24-9d50-643ccc718880",0
123,"2025-04-28 14:26:39",wiwin.dwiutami.hakim,"2025-05-15 21:07:11",wiwin.dwiutami.hakim,1,43,10,d21ac85b-e8af-43b4-a72b-95b3ff43aa20,0
124,"2025-04-28 14:27:33",wiwin.dwiutami.hakim,"2025-05-15 21:07:50",wiwin.dwiutami.hakim,1,44,10,ec4431fc-c9b1-42a2-a348-f0348662973c,0
125,"2025-04-28 14:27:33",wiwin.dwiutami.hakim,"2025-05-15 21:07:50",wiwin.dwiutami.hakim,3,44,10,"059ecfe4-c594-4fdb-a312-266d093c9a85",0
126,"2025-04-28 14:27:33",wiwin.dwiutami.hakim,"2025-05-15 21:07:50",wiwin.dwiutami.hakim,2,44,10,"594e38e7-590f-4574-bd07-118f5c45f628",0
127,"2025-07-02 11:24:42",wiwin.dwiutami.hakim,"2025-07-10 13:22:15",wiwin.dwiutami.hakim,3,45,10,a5501618-8d2b-4a65-aea6-bf8d954a5e2c,0
128,"2025-07-02 11:24:42",wiwin.dwiutami.hakim,"2025-07-10 13:22:15",wiwin.dwiutami.hakim,1,45,0,"61377c9d-4615-4543-a678-a5e04db0194c",0
129,"2025-07-02 11:24:42",wiwin.dwiutami.hakim,"2025-07-02 11:24:42",wiwin.dwiutami.hakim,2,45,0,b6a6d4c3-aa99-4f39-9ed1-e64dd8b297ac,0
