"id","section_id","name","created_at","created_by","language","updated_at","updated_by"
1,19,new test bahasa,"2022-12-22 14:36:48",midhu.joseph,bahasa_indonesia,"2022-12-22 17:06:05",midhu.joseph
2,19,new test,"2022-12-22 14:36:48",midhu.joseph,english,"2022-12-22 17:06:05",midhu.joseph
3,20,test in prod english added in section,"2022-12-22 15:06:09",midhu.joseph,english,"2022-12-22 15:07:48",midhu.joseph
4,20,test in prod bahasa,"2022-12-22 15:06:09",midhu.joseph,bahasa_indonesia,"2022-12-22 15:06:10",midhu.joseph
5,21,Macroscopic,"2022-12-22 16:13:56",audhy.prabowo,english,"2022-12-22 16:13:56",audhy.prabowo
6,21,Makroskopis,"2022-12-22 16:13:56",audhy.prabowo,bahasa_indonesia,"2022-12-22 16:13:56",audhy.prabowo
7,22,Chemistry,"2022-12-23 03:15:22",audhy.prabowo,english,"2022-12-23 03:15:22",audhy.prabowo
8,22,Kimiawi,"2022-12-23 03:15:22",audhy.prabowo,bahasa_indonesia,"2022-12-23 03:15:22",audhy.prabowo
9,23,Mikroskopis,"2022-12-23 03:20:41",audhy.prabowo,bahasa_indonesia,"2022-12-23 03:20:41",audhy.prabowo
10,23,Microscopic,"2022-12-23 03:20:41",audhy.prabowo,english,"2022-12-23 03:20:41",audhy.prabowo
11,27,Indeks Eritrosit,"2022-12-23 03:50:30",audhy.prabowo,bahasa_indonesia,"2022-12-23 03:50:30",audhy.prabowo
12,27,RBC Index,"2022-12-23 03:50:30",audhy.prabowo,english,"2022-12-23 03:50:30",audhy.prabowo
13,30,Hitung Jenis,"2022-12-23 04:00:53",audhy.prabowo,bahasa_indonesia,"2022-12-23 04:00:53",audhy.prabowo
14,30,Differential Count,"2022-12-23 04:00:53",audhy.prabowo,english,"2022-12-23 04:00:53",audhy.prabowo
15,32,Platelet Index,"2022-12-23 04:09:21",audhy.prabowo,english,"2022-12-23 04:09:22",audhy.prabowo
16,32,Indeks Trombosit,"2022-12-23 04:09:21",audhy.prabowo,bahasa_indonesia,"2022-12-23 04:09:22",audhy.prabowo
17,37,TIBC and Transferin Saturation,"2023-01-17 12:03:31",dwi.rahmawati,english,"2023-07-31 12:14:06",audhy.prabowo
18,37,TIBC and Saturasi Transferin,"2023-01-17 12:03:31",dwi.rahmawati,bahasa_indonesia,"2023-07-31 12:14:06",audhy.prabowo
20,63,Creatinine & Glomerular Filtration Rate,"2023-01-17 14:19:19",dwi.rahmawati,english,"2023-01-17 14:19:19",dwi.rahmawati
21,63,Laju Filtrasi Kreatinin & Glomerulus,"2023-01-17 14:19:19",dwi.rahmawati,bahasa_indonesia,"2023-01-17 14:19:19",dwi.rahmawati
23,47,Dengue Virus Ab.IgG & IgM,"2023-01-17 14:48:38",dwi.rahmawati,english,"2023-01-17 14:48:38",dwi.rahmawati
24,47,Virus Dengue Ab.IgG & IgM,"2023-01-17 14:48:38",dwi.rahmawati,bahasa_indonesia,"2023-01-17 14:48:38",dwi.rahmawati
26,71,Salmonella Species Antibody,"2023-01-17 15:52:46",dwi.rahmawati,english,"2023-01-17 16:49:41",dwi.rahmawati
27,71,Antibodi Spesies Salmonella,"2023-01-17 15:52:46",dwi.rahmawati,bahasa_indonesia,"2023-01-17 16:49:41",dwi.rahmawati
29,24,Hemoglobin,"2023-01-17 16:03:30",dwi.rahmawati,bahasa_indonesia,"2023-01-17 16:03:30",dwi.rahmawati
30,24,Hemoglobin,"2023-01-17 16:03:30",dwi.rahmawati,english,"2023-01-17 16:03:30",dwi.rahmawati
32,25,Hematocrit,"2023-01-17 16:05:42",dwi.rahmawati,english,"2023-01-17 16:05:42",dwi.rahmawati
33,25,Hematokrit,"2023-01-17 16:05:42",dwi.rahmawati,bahasa_indonesia,"2023-01-17 16:05:42",dwi.rahmawati
35,26,Red Blood Cell,"2023-01-17 16:06:42",dwi.rahmawati,english,"2023-01-17 16:06:42",dwi.rahmawati
36,26,Eritrosit,"2023-01-17 16:06:42",dwi.rahmawati,bahasa_indonesia,"2023-01-17 16:06:42",dwi.rahmawati
38,28,Erythrocyte Distribution Width,"2023-01-17 16:10:54",dwi.rahmawati,english,"2023-01-17 16:10:54",dwi.rahmawati
39,28,Lebar Distribusi Eritrosit,"2023-01-17 16:10:54",dwi.rahmawati,bahasa_indonesia,"2023-01-17 16:10:54",dwi.rahmawati
41,29,Leukocytes,"2023-01-17 16:13:57",dwi.rahmawati,english,"2023-01-17 16:13:57",dwi.rahmawati
42,29,Leukosit,"2023-01-17 16:13:57",dwi.rahmawati,bahasa_indonesia,"2023-01-17 16:13:57",dwi.rahmawati
44,31,Trombosit,"2023-01-17 16:23:54",dwi.rahmawati,bahasa_indonesia,"2023-01-17 16:23:54",dwi.rahmawati
45,31,Platelets,"2023-01-17 16:23:54",dwi.rahmawati,english,"2023-01-17 16:23:54",dwi.rahmawati
47,33,Reticulocytes,"2023-01-17 16:31:04",dwi.rahmawati,english,"2023-02-03 00:32:36",novi
48,33,Retikulosit,"2023-01-17 16:31:04",dwi.rahmawati,bahasa_indonesia,"2023-02-03 00:32:36",novi
50,34,Retikulosit,"2023-01-17 16:32:19",dwi.rahmawati,bahasa_indonesia,"2023-01-17 16:32:19",dwi.rahmawati
51,34,Reticulocytes,"2023-01-17 16:32:19",dwi.rahmawati,english,"2023-01-17 16:32:19",dwi.rahmawati
53,194,Retikulosit,"2023-02-03 00:45:17",novi,bahasa_indonesia,"2023-02-03 00:45:17",novi
54,194,Reticulocytes,"2023-02-03 00:45:17",novi,english,"2023-02-03 00:45:17",novi
55,199,RBC Index,"2023-02-06 13:46:29",dwi.rahmawati,english,"2023-02-06 13:46:29",dwi.rahmawati
56,199,Indeks Eritrosit,"2023-02-06 13:46:29",dwi.rahmawati,bahasa_indonesia,"2023-02-06 13:46:29",dwi.rahmawati
57,201,Differential Count,"2023-02-06 13:49:47",dwi.rahmawati,english,"2023-02-06 13:49:47",dwi.rahmawati
58,201,Hitung Jenis,"2023-02-06 13:49:47",dwi.rahmawati,bahasa_indonesia,"2023-02-06 13:49:47",dwi.rahmawati
59,204,Indeks Trombosit,"2023-02-06 13:53:48",dwi.rahmawati,bahasa_indonesia,"2023-02-06 13:53:48",dwi.rahmawati
60,204,Platelet Index,"2023-02-06 13:53:48",dwi.rahmawati,english,"2023-02-06 13:53:48",dwi.rahmawati
61,206,Makroskopis,"2023-02-07 15:21:55",novi,bahasa_indonesia,"2023-02-07 15:21:55",novi
62,206,Macroscopy,"2023-02-07 15:21:55",novi,english,"2023-02-07 15:21:55",novi
63,207,Mikroskopis,"2023-02-07 15:28:53",novi,bahasa_indonesia,"2023-02-07 15:28:53",novi
64,207,Microscopy,"2023-02-07 15:28:53",novi,english,"2023-02-07 15:28:53",novi
65,208,Digestion,"2023-02-07 15:30:38",novi,english,"2023-02-07 15:30:38",novi
66,208,Sisa Pencernaan,"2023-02-07 15:30:38",novi,bahasa_indonesia,"2023-02-07 15:30:38",novi
67,236,Body Mass Index,"2023-05-29 20:35:34",audhy.prabowo,english,"2023-05-29 20:35:34",audhy.prabowo
68,236,Indeks Massa Tubuh,"2023-05-29 20:35:34",audhy.prabowo,bahasa_indonesia,"2023-05-29 20:35:34",audhy.prabowo
69,237,Blood Pressure,"2023-05-29 20:44:09",audhy.prabowo,english,"2023-05-29 20:44:09",audhy.prabowo
70,237,Tekanan Darah,"2023-05-29 20:44:09",audhy.prabowo,bahasa_indonesia,"2023-05-29 20:44:09",audhy.prabowo
71,238,Status Generalis,"2023-06-05 10:45:39",audhy.prabowo,bahasa_indonesia,"2023-06-05 10:45:39",audhy.prabowo
72,238,General Status,"2023-06-05 10:45:39",audhy.prabowo,english,"2023-06-05 10:45:39",audhy.prabowo
73,239,Generalist status,"2023-06-05 11:57:09",nabila.sauzan,english,"2023-06-05 11:57:09",nabila.sauzan
74,239,Status Generalis,"2023-06-05 11:57:09",nabila.sauzan,bahasa_indonesia,"2023-06-05 11:57:09",nabila.sauzan
75,240,Eye,"2023-06-05 11:59:51",nabila.sauzan,english,"2023-06-05 11:59:51",nabila.sauzan
76,240,Mata,"2023-06-05 11:59:51",nabila.sauzan,bahasa_indonesia,"2023-06-05 11:59:51",nabila.sauzan
77,241,Ear Nose Throat,"2023-06-05 12:04:28",nabila.sauzan,english,"2023-06-05 12:04:28",nabila.sauzan
78,241,Telinga Hidung Tenggorokan,"2023-06-05 12:04:28",nabila.sauzan,bahasa_indonesia,"2023-06-05 12:04:28",nabila.sauzan
79,243,Thorax,"2023-06-05 12:07:02",nabila.sauzan,bahasa_indonesia,"2023-06-05 12:07:02",nabila.sauzan
80,243,Toraks,"2023-06-05 12:07:02",nabila.sauzan,english,"2023-06-05 12:07:02",nabila.sauzan
81,244,Mata,"2023-06-05 13:22:12",nabila.sauzan,bahasa_indonesia,"2023-06-05 13:22:12",nabila.sauzan
82,244,Eye,"2023-06-05 13:22:12",nabila.sauzan,english,"2023-06-05 13:22:12",nabila.sauzan
83,245,Ear Nose Throat,"2023-06-05 13:24:00",nabila.sauzan,english,"2023-06-05 13:24:00",nabila.sauzan
84,245,Telinga Hidung Tenggorokan,"2023-06-05 13:24:00",nabila.sauzan,bahasa_indonesia,"2023-06-05 13:24:00",nabila.sauzan
85,247,Thorax,"2023-06-05 13:28:10",nabila.sauzan,english,"2023-06-05 13:28:10",nabila.sauzan
86,247,Toraks,"2023-06-05 13:28:10",nabila.sauzan,bahasa_indonesia,"2023-06-05 13:28:10",nabila.sauzan
87,248,Dada & Abdomen,"2023-06-05 13:30:02",nabila.sauzan,bahasa_indonesia,"2023-06-05 16:07:15",nabila.sauzan
88,248,Chest & Abdomen,"2023-06-05 13:30:02",nabila.sauzan,english,"2023-06-05 16:10:16",nabila.sauzan
89,253,Refleks,"2023-06-05 13:33:54",nabila.sauzan,bahasa_indonesia,"2023-06-05 13:33:54",nabila.sauzan
90,253,Reflex,"2023-06-05 13:33:54",nabila.sauzan,english,"2023-06-05 13:33:54",nabila.sauzan
91,254,Thorax PA,"2023-06-05 14:20:03",nabila.sauzan,bahasa_indonesia,"2023-06-05 14:20:03",nabila.sauzan
92,254,Thorax PA,"2023-06-05 14:20:03",nabila.sauzan,english,"2023-06-05 14:20:03",nabila.sauzan
93,255,RESUME,"2023-06-05 14:31:57",nabila.sauzan,english,"2023-06-07 03:02:40",nabila.sauzan
94,255,RESUME,"2023-06-05 14:31:57",nabila.sauzan,bahasa_indonesia,"2023-06-07 03:02:40",nabila.sauzan
95,259,Family Disease History,"2023-06-05 14:44:10",nabila.sauzan,english,"2023-06-05 16:16:35",nabila.sauzan
96,259,Riwayat Penyakit Keluarga,"2023-06-05 14:44:10",nabila.sauzan,bahasa_indonesia,"2023-06-05 14:44:10",nabila.sauzan
97,268,Lemak,"2023-06-07 03:22:28",nabila.sauzan,bahasa_indonesia,"2023-06-07 03:22:28",nabila.sauzan
98,268,Lipid,"2023-06-07 03:22:28",nabila.sauzan,english,"2023-06-07 03:22:28",nabila.sauzan
99,269,Metabolik,"2023-06-07 03:24:32",nabila.sauzan,bahasa_indonesia,"2023-06-07 03:24:32",nabila.sauzan
100,269,Metabolic,"2023-06-07 03:24:32",nabila.sauzan,english,"2023-06-07 03:24:32",nabila.sauzan
101,270,Chemistry,"2023-06-07 03:28:02",nabila.sauzan,english,"2023-06-07 03:28:02",nabila.sauzan
102,270,Kimia Klinik,"2023-06-07 03:28:02",nabila.sauzan,bahasa_indonesia,"2023-06-07 03:28:02",nabila.sauzan
103,271,Urinalisis,"2023-06-07 03:43:22",nabila.sauzan,bahasa_indonesia,"2023-06-07 03:43:22",nabila.sauzan
104,271,Urinalysis,"2023-06-07 03:43:22",nabila.sauzan,english,"2023-06-07 03:43:22",nabila.sauzan
105,276,Past Medical History,"2023-06-07 11:48:49",nabila.sauzan,english,"2023-06-07 11:48:49",nabila.sauzan
106,276,Riwayat Penyakit Dahulu,"2023-06-07 11:48:49",nabila.sauzan,bahasa_indonesia,"2023-06-07 11:48:49",nabila.sauzan
107,277,Riwayat Penyakit Keluarga	,"2023-06-07 11:53:14",nabila.sauzan,bahasa_indonesia,"2023-06-07 11:53:14",nabila.sauzan
108,277,Family Disease History,"2023-06-07 11:53:14",nabila.sauzan,english,"2023-06-07 11:53:14",nabila.sauzan
109,279,Occupation History,"2023-06-07 12:08:08",nabila.sauzan,english,"2023-06-07 16:08:59",novi
110,279,Riwayat Pekerjaan,"2023-06-07 12:08:08",nabila.sauzan,bahasa_indonesia,"2023-06-07 12:08:08",nabila.sauzan
111,281,Body Mass Index,"2023-06-07 12:13:30",dwi.rahmawati,english,"2023-06-07 12:13:30",dwi.rahmawati
112,281,Indeks Massa Tubuh,"2023-06-07 12:13:30",dwi.rahmawati,bahasa_indonesia,"2023-06-07 12:13:30",dwi.rahmawati
113,283,Kebiasaan,"2023-06-07 12:14:43",nabila.sauzan,bahasa_indonesia,"2023-06-07 12:14:43",nabila.sauzan
114,283,Habit,"2023-06-07 12:14:43",nabila.sauzan,english,"2023-06-07 12:14:43",nabila.sauzan
115,286,Blood Pressure,"2023-06-07 12:20:03",dwi.rahmawati,english,"2023-06-07 12:20:03",dwi.rahmawati
116,286,Tekanan Darah,"2023-06-07 12:20:03",dwi.rahmawati,bahasa_indonesia,"2023-06-07 12:20:03",dwi.rahmawati
117,290,Physical,"2023-06-07 12:22:43",audhy.prabowo,english,"2023-06-07 12:22:43",audhy.prabowo
118,290,Fisik,"2023-06-07 12:22:43",audhy.prabowo,bahasa_indonesia,"2023-06-07 12:22:43",audhy.prabowo
119,293,Keadaan Umum,"2023-06-07 12:24:34",audhy.prabowo,bahasa_indonesia,"2023-06-07 12:24:34",audhy.prabowo
120,293,General Condition,"2023-06-07 12:24:34",audhy.prabowo,english,"2023-06-07 12:24:34",audhy.prabowo
121,289,Visus,"2023-06-07 17:15:28",novi,bahasa_indonesia,"2023-06-07 17:15:28",novi
122,289,Visual Acquity,"2023-06-07 17:15:28",novi,english,"2023-06-07 17:15:28",novi
123,298,Indeks Massa Tubuh,"2023-06-12 15:53:40",nabila.sauzan,bahasa_indonesia,"2023-06-12 15:53:40",nabila.sauzan
124,298,Body Mass Index,"2023-06-12 15:53:40",nabila.sauzan,english,"2023-06-12 15:53:40",nabila.sauzan
125,306,RESUME,"2023-06-19 10:03:09",audhy.prabowo,bahasa_indonesia,"2023-06-19 10:03:09",audhy.prabowo
126,306,RESUME,"2023-06-19 10:03:09",audhy.prabowo,english,"2023-06-19 10:03:09",audhy.prabowo
127,337,Body Mass Index,"2023-08-10 09:20:22",wiwin.dwiutami.hakim,english,"2023-08-10 09:20:22",wiwin.dwiutami.hakim
128,337,Indeks Massa Tubuh,"2023-08-10 09:20:22",wiwin.dwiutami.hakim,bahasa_indonesia,"2023-08-10 09:20:22",wiwin.dwiutami.hakim
129,338,Blood Pressure,"2023-08-10 09:26:42",wiwin.dwiutami.hakim,english,"2023-08-10 09:26:42",wiwin.dwiutami.hakim
130,338,Tekanan Darah,"2023-08-10 09:26:42",wiwin.dwiutami.hakim,bahasa_indonesia,"2023-08-10 09:26:42",wiwin.dwiutami.hakim
131,341,Fisik,"2023-08-10 09:32:07",wiwin.dwiutami.hakim,bahasa_indonesia,"2023-08-10 09:32:07",wiwin.dwiutami.hakim
132,341,Physical,"2023-08-10 09:32:07",wiwin.dwiutami.hakim,english,"2023-08-10 09:32:07",wiwin.dwiutami.hakim
133,342,Riwayat Penyakit Keluarga	,"2023-08-10 10:02:13",wiwin.dwiutami.hakim,bahasa_indonesia,"2023-08-10 10:02:13",wiwin.dwiutami.hakim
134,342,Family Disease History,"2023-08-10 10:02:13",wiwin.dwiutami.hakim,english,"2023-08-10 10:02:13",wiwin.dwiutami.hakim
135,344,Occupation History,"2023-08-10 10:25:44",wiwin.dwiutami.hakim,bahasa_indonesia,"2023-08-10 10:25:44",wiwin.dwiutami.hakim
136,344,Occupation History,"2023-08-10 10:25:44",wiwin.dwiutami.hakim,english,"2023-08-10 10:25:44",wiwin.dwiutami.hakim
137,345,Kebiasaan,"2023-08-10 10:36:13",wiwin.dwiutami.hakim,bahasa_indonesia,"2023-08-10 10:36:13",wiwin.dwiutami.hakim
138,345,Habit,"2023-08-10 10:36:13",wiwin.dwiutami.hakim,english,"2023-08-10 10:36:13",wiwin.dwiutami.hakim
139,294,Past Medical History,"2024-11-30 09:25:10",wiwin.dwiutami.hakim,english,"2024-11-30 09:25:56",wiwin.dwiutami.hakim
140,294,Riwayat Penyakit Dahulu,"2024-11-30 09:25:10",wiwin.dwiutami.hakim,bahasa_indonesia,"2024-11-30 09:25:56",wiwin.dwiutami.hakim
141,408,RIWAYAT PENYAKIT DAHULU,"2024-11-30 13:50:22",wiwin.dwiutami.hakim,bahasa_indonesia,"2024-11-30 13:50:22",wiwin.dwiutami.hakim
142,408,PRIOR DISEASE HISTORY,"2024-11-30 13:50:22",wiwin.dwiutami.hakim,english,"2024-11-30 13:50:22",wiwin.dwiutami.hakim
143,411,FAMILY HISTORY OF DISEASE,"2024-11-30 13:55:55",wiwin.dwiutami.hakim,english,"2024-11-30 13:55:55",wiwin.dwiutami.hakim
144,411,RIWAYAT PENYAKIT KELUARGA,"2024-11-30 13:55:55",wiwin.dwiutami.hakim,bahasa_indonesia,"2024-11-30 13:55:55",wiwin.dwiutami.hakim
145,412,KEBIASAAN,"2024-11-30 13:57:18",wiwin.dwiutami.hakim,bahasa_indonesia,"2024-11-30 13:57:18",wiwin.dwiutami.hakim
146,412,HABIT,"2024-11-30 13:57:18",wiwin.dwiutami.hakim,english,"2024-11-30 13:57:18",wiwin.dwiutami.hakim
147,413,JOB EXPOSURE,"2024-11-30 13:58:51",wiwin.dwiutami.hakim,english,"2024-11-30 13:58:51",wiwin.dwiutami.hakim
148,413,PAPARAN PEKERJAAN,"2024-11-30 13:58:51",wiwin.dwiutami.hakim,bahasa_indonesia,"2024-11-30 13:58:51",wiwin.dwiutami.hakim
149,417,BLOOD PRESSURE,"2024-11-30 14:00:06",wiwin.dwiutami.hakim,english,"2024-11-30 14:00:06",wiwin.dwiutami.hakim
150,417,TEKANAN DARAH,"2024-11-30 14:00:06",wiwin.dwiutami.hakim,bahasa_indonesia,"2024-11-30 14:00:06",wiwin.dwiutami.hakim
151,422,Eye,"2024-11-30 14:02:41",wiwin.dwiutami.hakim,english,"2024-11-30 14:02:41",wiwin.dwiutami.hakim
152,422,Mata,"2024-11-30 14:02:41",wiwin.dwiutami.hakim,bahasa_indonesia,"2024-11-30 14:02:41",wiwin.dwiutami.hakim
153,436,RIWAYAT PENYAKIT DAHULU,"2024-11-30 19:10:39",wiwin.dwiutami.hakim,bahasa_indonesia,"2024-11-30 19:10:39",wiwin.dwiutami.hakim
154,436,HISTORY OF DISEASES,"2024-11-30 19:10:39",wiwin.dwiutami.hakim,english,"2024-11-30 22:12:12",novi
155,439,FAMILY HISTORY OF DISEASE,"2024-11-30 19:12:21",wiwin.dwiutami.hakim,english,"2024-11-30 19:12:21",wiwin.dwiutami.hakim
156,439,RIWAYAT PENYAKIT KELUARGA,"2024-11-30 19:12:21",wiwin.dwiutami.hakim,bahasa_indonesia,"2024-11-30 19:12:21",wiwin.dwiutami.hakim
157,440,KEBIASAAN,"2024-11-30 19:13:28",wiwin.dwiutami.hakim,bahasa_indonesia,"2024-11-30 19:13:28",wiwin.dwiutami.hakim
158,440,HABITS,"2024-11-30 19:13:28",wiwin.dwiutami.hakim,english,"2024-11-30 22:03:19",novi
159,441,OCCUPATIONAL EXPOSURE,"2024-11-30 19:18:49",wiwin.dwiutami.hakim,english,"2024-11-30 21:45:08",novi
160,441,PAPARAN PEKERJAAN,"2024-11-30 19:18:49",wiwin.dwiutami.hakim,bahasa_indonesia,"2024-11-30 19:18:49",wiwin.dwiutami.hakim
161,445,BLOOD PRESSURE,"2024-11-30 19:20:23",wiwin.dwiutami.hakim,english,"2024-11-30 19:20:23",wiwin.dwiutami.hakim
162,445,TEKANAN DARAH,"2024-11-30 19:20:23",wiwin.dwiutami.hakim,bahasa_indonesia,"2024-11-30 19:20:23",wiwin.dwiutami.hakim
