"id","created_at","created_by","updated_at","updated_by","display_order","status","display","external_id","test_id"
1,"2022-12-21 23:46:27",audhy.prabowo,"2022-12-21 23:46:27",audhy.prabowo,1,active,0,"5d714391-eb57-4293-9620-96d8abac1f34",11
2,"2022-12-21 23:46:33",audhy.prabowo,"2022-12-21 23:49:51",audhy.prabowo,2,active,0,b85f6265-dcb3-45bc-a83a-c68992429853,11
3,"2022-12-21 23:46:51",audhy.prabowo,"2022-12-21 23:46:51",audhy.prabowo,1,active,0,"6fe04e6d-c1a8-4ae1-9881-1a30e15082b8",11
4,"2022-12-21 23:46:55",audhy.prabowo,"2022-12-21 23:46:55",audhy.prabowo,1,active,0,dfe86369-c346-4537-abbc-1f68f0ee3e13,11
5,"2022-12-21 23:46:55",audhy.prabowo,"2022-12-21 23:46:55",audhy.prabowo,1,active,0,f9522afd-ca9b-423b-8abd-46b0f3eeaab6,11
6,"2022-12-21 23:46:55",audhy.prabowo,"2022-12-21 23:46:55",audhy.prabowo,1,active,0,"906b04f8-4865-4a9a-99f7-cc50ab3df659",11
7,"2022-12-21 23:46:55",audhy.prabowo,"2022-12-21 23:46:55",audhy.prabowo,1,active,0,"2f75405d-2c65-4d82-be63-932a3dc6a57e",11
8,"2022-12-21 23:46:55",audhy.prabowo,"2022-12-21 23:46:55",audhy.prabowo,1,active,0,"94836bd8-3b76-4cda-99fa-088ee4b69387",11
9,"2022-12-21 23:46:56",audhy.prabowo,"2022-12-21 23:46:56",audhy.prabowo,1,active,0,cb53e4d3-d9fb-47f2-9ff4-bb016e118615,11
10,"2022-12-21 23:46:56",audhy.prabowo,"2022-12-21 23:46:56",audhy.prabowo,1,active,0,"5650fe02-cedc-4ca0-8153-2f98f3aea40b",11
11,"2022-12-21 23:46:57",audhy.prabowo,"2022-12-21 23:46:57",audhy.prabowo,1,active,0,"2f8e59db-30bb-4352-9302-78e1b0a808c0",11
12,"2022-12-21 23:46:57",audhy.prabowo,"2022-12-21 23:46:57",audhy.prabowo,1,active,0,"9705e4de-f89e-414a-82b6-c3a33592a905",11
13,"2022-12-21 23:46:57",audhy.prabowo,"2022-12-21 23:46:57",audhy.prabowo,1,active,0,"54412ac6-c566-4987-85b3-d0b496893cab",11
14,"2022-12-21 23:46:57",audhy.prabowo,"2022-12-21 23:46:57",audhy.prabowo,1,active,0,"8af3ad62-69ca-4598-93d0-f0395a4625c2",11
15,"2022-12-21 23:46:58",audhy.prabowo,"2022-12-21 23:46:58",audhy.prabowo,1,active,0,"6e76f757-654c-4c99-8e65-a778a7e09942",11
16,"2022-12-21 23:46:58",audhy.prabowo,"2022-12-21 23:46:58",audhy.prabowo,1,active,0,"4fad3290-b84e-4cfb-a7d0-776564ea92c6",11
17,"2022-12-21 23:46:58",audhy.prabowo,"2022-12-21 23:46:58",audhy.prabowo,1,active,0,fb2b3300-3212-498b-acc5-c4456297c4f2,11
18,"2022-12-21 23:46:58",audhy.prabowo,"2022-12-21 23:46:58",audhy.prabowo,1,active,0,bf8e8992-d678-4688-a908-db1b7b371394,11
19,"2022-12-22 14:36:48",midhu.joseph,"2022-12-26 15:44:04",dwi.rahmawati,0,active,0,e3c9ac62-4057-4fe5-bb04-68940a633170,7
20,"2022-12-22 15:06:09",midhu.joseph,"2022-12-22 15:06:10",midhu.joseph,1,active,1,"1e255c2a-0ca4-4c65-984d-76d5f2c45f02",11
21,"2022-12-22 16:13:56",audhy.prabowo,"2022-12-22 16:13:56",audhy.prabowo,1,active,1,"1bb54cd4-851b-4918-8d39-53ec35ead1a0",54
22,"2022-12-23 03:15:22",audhy.prabowo,"2022-12-23 03:15:22",audhy.prabowo,2,active,1,"1a259e0a-0df7-45e9-a280-056e9945ed51",54
23,"2022-12-23 03:20:41",audhy.prabowo,"2022-12-23 03:20:41",audhy.prabowo,3,active,1,ad0ad2e8-7fbd-4abd-8f8d-a3a696706ba8,54
24,"2022-12-23 03:48:05",audhy.prabowo,"2023-01-17 16:38:52",dwi.rahmawati,1,active,0,ba975033-5119-48ad-be6a-78cfaf9c4e1a,146
25,"2022-12-23 03:48:37",audhy.prabowo,"2023-01-17 16:39:04",dwi.rahmawati,2,active,0,"83254259-7f33-4a2a-83d6-bf27435313cd",146
26,"2022-12-23 03:48:57",audhy.prabowo,"2023-01-17 16:39:17",dwi.rahmawati,3,active,0,"54d9f9f4-b2f0-4539-bd96-c8089218adb4",146
27,"2022-12-23 03:50:30",audhy.prabowo,"2022-12-23 03:50:30",audhy.prabowo,4,active,1,"8d16cac4-c483-423d-8b85-9f61b0fab3e0",146
28,"2022-12-23 03:51:00",audhy.prabowo,"2023-02-04 08:52:41",audhy.prabowo,5,inactive,0,bdaf062d-7b8c-4dde-b861-46f2e67a8cf5,146
29,"2022-12-23 03:51:20",audhy.prabowo,"2023-02-03 00:00:18",novi,5,active,0,c2c5e8db-ac3d-438f-8bbf-4b213ecc37ae,146
30,"2022-12-23 04:00:53",audhy.prabowo,"2023-02-03 00:00:35",novi,6,active,1,fcb9d92b-2c3f-4da1-9dad-f9930479a099,146
31,"2022-12-23 04:01:28",audhy.prabowo,"2023-01-17 16:40:23",dwi.rahmawati,8,active,0,c5505bc4-8568-4bd0-bd02-f0fd124a6afd,146
32,"2022-12-23 04:09:21",audhy.prabowo,"2022-12-23 04:09:22",audhy.prabowo,9,active,1,eb94547f-0e04-45bc-9f7f-9de7b81bbec6,146
33,"2022-12-23 04:26:04",audhy.prabowo,"2023-02-03 00:44:21",novi,11,inactive,1,e6b2cb06-af44-43ed-b31e-36cb9fdddb79,146
34,"2022-12-23 04:26:31",audhy.prabowo,"2023-01-30 15:41:14",dwi.rahmawati,11,inactive,0,dd06bcbd-036c-4810-81ad-2a0b938a22e1,146
35,"2022-12-23 04:27:06",audhy.prabowo,"2023-01-30 15:41:41",dwi.rahmawati,12,inactive,0,"49d2644e-be97-45f2-9266-e0fe70b8165e",146
36,"2022-12-23 04:40:51",audhy.prabowo,"2023-01-17 17:30:27",dwi.rahmawati,0,active,0,f5afe978-3510-4fda-b9f7-bb547c717335,13
37,"2022-12-23 14:38:58",audhy.prabowo,"2023-02-10 16:09:51",audhy.prabowo,1,active,1,"8354a754-74c2-455f-96e3-8ec6d416acf0",21
38,"2022-12-23 14:39:39",audhy.prabowo,"2023-01-17 12:04:01",dwi.rahmawati,2,inactive,0,"0ae30f0b-910e-4d59-8949-cfeacd709b2e",21
39,"2022-12-23 14:40:07",audhy.prabowo,"2023-01-17 12:04:05",dwi.rahmawati,3,inactive,0,ac9f1673-9d30-44ca-9095-8a386b66dba5,21
40,"2022-12-26 13:51:28",dwi.rahmawati,"2022-12-26 13:55:03",dwi.rahmawati,0,active,0,e74b06c0-5f57-4ebe-8ae2-bdae7687af5c,29
41,"2022-12-26 14:28:38",dwi.rahmawati,"2022-12-26 14:28:38",dwi.rahmawati,0,active,0,"45dd925f-5022-4115-8b8d-27444061877a",8
42,"2022-12-26 14:31:24",dwi.rahmawati,"2022-12-26 14:31:24",dwi.rahmawati,0,active,0,"6c33fe99-22a8-456b-af93-27c8ee190b3a",50
43,"2022-12-26 14:37:36",dwi.rahmawati,"2022-12-26 14:37:36",dwi.rahmawati,0,active,0,"3efc0ec8-6e3f-4dfc-ad82-055a85781812",88
44,"2022-12-26 14:57:25",dwi.rahmawati,"2022-12-26 14:57:25",dwi.rahmawati,0,active,0,aa038d82-2859-4e51-a3e2-f51d2634f798,15
45,"2022-12-26 15:08:55",dwi.rahmawati,"2022-12-26 15:08:55",dwi.rahmawati,0,active,0,bdaad644-cfdf-4632-8b34-43fe9aa17a9a,42
46,"2022-12-26 15:10:31",dwi.rahmawati,"2023-01-02 23:12:36",jocelyn.tandrian,1,active,0,"065411fe-df9e-4a57-a4de-e19247cd2abd",62
47,"2022-12-26 15:12:26",dwi.rahmawati,"2023-02-07 16:01:31",novi,1,active,0,"2f11be53-89d3-4897-9585-d28400924a55",41
48,"2022-12-26 15:14:33",dwi.rahmawati,"2022-12-26 15:14:33",dwi.rahmawati,0,active,0,"5c3502c9-1f0b-41b7-9382-a3856805a788",31
49,"2022-12-26 15:16:18",dwi.rahmawati,"2022-12-26 15:16:18",dwi.rahmawati,0,active,0,ccd71d16-82ae-44b6-b42e-b627255981a9,55
50,"2022-12-26 15:30:10",dwi.rahmawati,"2022-12-26 15:30:10",dwi.rahmawati,0,active,0,"24ce6dbc-280b-4947-9b08-98052318f1f4",48
51,"2022-12-26 15:31:39",dwi.rahmawati,"2022-12-26 15:31:39",dwi.rahmawati,0,active,0,"02aa37d4-99cf-4fad-94db-3985953f9450",59
52,"2022-12-26 15:33:37",dwi.rahmawati,"2022-12-26 15:33:37",dwi.rahmawati,0,active,0,da6d8239-fdbe-412c-9809-5b468f007c7c,14
53,"2022-12-26 15:34:52",dwi.rahmawati,"2022-12-26 15:34:52",dwi.rahmawati,0,active,0,e69b31eb-cdf6-4d95-9089-722c4ba21109,12
54,"2022-12-26 15:36:21",dwi.rahmawati,"2022-12-26 15:36:21",dwi.rahmawati,0,active,0,d95b47eb-7e40-4687-973f-e63ef21e2a53,86
55,"2022-12-26 15:37:32",dwi.rahmawati,"2022-12-26 15:37:32",dwi.rahmawati,0,active,0,"0eb2d36b-6e41-4e10-878a-9ec2a602a393",56
56,"2022-12-26 15:39:14",dwi.rahmawati,"2022-12-26 15:39:14",dwi.rahmawati,0,active,0,"70ea5770-039b-4b8f-bf14-936bbe04cb81",6
57,"2022-12-26 15:42:42",dwi.rahmawati,"2022-12-26 15:42:42",dwi.rahmawati,0,active,0,ab0688d8-72ca-41d8-a375-5fbbb5d7c249,18
58,"2022-12-26 15:52:56",dwi.rahmawati,"2022-12-26 15:52:56",dwi.rahmawati,0,active,0,"1c895dbc-99a4-49b6-a21f-2fb2457a2294",65
59,"2022-12-26 16:03:46",dwi.rahmawati,"2022-12-26 16:03:46",dwi.rahmawati,0,active,0,"69d7948f-8c47-476f-bb16-0a2aae66efd3",79
60,"2022-12-26 16:05:26",dwi.rahmawati,"2022-12-26 16:05:26",dwi.rahmawati,0,active,0,"66baa7ce-3ab0-40bd-981e-92954b55598e",2
61,"2022-12-26 16:06:41",dwi.rahmawati,"2022-12-26 16:06:41",dwi.rahmawati,0,active,0,"6ad92afa-fe8d-4713-8dd2-de6995913756",3
62,"2022-12-26 16:07:45",dwi.rahmawati,"2022-12-26 16:07:45",dwi.rahmawati,0,active,0,"671a0a7c-5ed3-487c-90f1-6058ac10dff0",1
63,"2022-12-26 16:08:30",dwi.rahmawati,"2023-02-04 12:35:43",novi,1,inactive,0,"08fa4447-f958-49fb-9e20-0cc8fe026483",9
64,"2022-12-26 16:18:31",dwi.rahmawati,"2022-12-26 16:18:31",dwi.rahmawati,0,active,0,c52f8b9b-bdf7-49cc-859a-f64c383a2a60,80
65,"2022-12-26 16:19:55",dwi.rahmawati,"2022-12-26 16:19:55",dwi.rahmawati,0,active,0,"2d5871ae-9c6d-45d9-999f-0ccc0e59e6aa",25
66,"2022-12-26 16:20:44",dwi.rahmawati,"2022-12-26 16:20:44",dwi.rahmawati,0,active,0,c0c8980b-ea7e-4c4e-9fe4-b8ad5b7293d9,26
67,"2022-12-26 16:21:33",dwi.rahmawati,"2022-12-26 16:21:33",dwi.rahmawati,0,active,0,a6ff5c71-52bb-494c-9501-188b6664654a,19
68,"2022-12-26 16:28:10",dwi.rahmawati,"2022-12-26 16:28:10",dwi.rahmawati,0,active,0,"3647a09c-69b7-474c-85ea-256c0db3337f",147
69,"2022-12-26 16:30:28",dwi.rahmawati,"2022-12-26 16:30:28",dwi.rahmawati,0,active,0,"7c9c407b-05d6-4f47-8c81-3b036827a5ff",81
70,"2022-12-26 16:31:51",dwi.rahmawati,"2022-12-26 16:31:51",dwi.rahmawati,0,active,0,"87638812-cf76-4056-b33e-a82a96f522f1",5
71,"2022-12-26 16:33:04",dwi.rahmawati,"2023-01-17 15:52:46",dwi.rahmawati,1,active,1,cde1c61c-d25f-49f2-b04e-8759222b94ad,23
72,"2022-12-26 16:34:18",dwi.rahmawati,"2022-12-26 16:34:18",dwi.rahmawati,0,active,0,d184ae62-c2a8-4b76-8671-53f6531b1b57,4
73,"2022-12-26 16:35:18",dwi.rahmawati,"2022-12-26 16:35:18",dwi.rahmawati,0,active,0,"6a468f29-beba-4e46-9296-99a1efd6d345",10
74,"2022-12-26 16:36:40",dwi.rahmawati,"2022-12-26 16:36:40",dwi.rahmawati,0,active,0,c4ae9cb6-4f57-4ce1-9476-6ebee12aef8c,34
75,"2022-12-26 16:40:30",dwi.rahmawati,"2022-12-26 16:40:30",dwi.rahmawati,0,active,0,"019f75ee-dda1-4434-8e8a-42a7877269ce",82
76,"2022-12-26 16:42:09",dwi.rahmawati,"2022-12-26 16:42:09",dwi.rahmawati,0,active,0,"213a2236-edcb-427a-9bc3-97348da47a16",89
77,"2022-12-26 16:43:36",dwi.rahmawati,"2022-12-26 16:43:36",dwi.rahmawati,0,active,0,c9448f2e-f929-403e-b409-698bd2e80dbf,87
78,"2022-12-26 16:47:37",dwi.rahmawati,"2022-12-26 16:47:37",dwi.rahmawati,0,active,0,"2a6f8ed2-5a42-452b-bf2e-4faa81890859",91
79,"2022-12-26 16:49:18",dwi.rahmawati,"2022-12-26 16:49:18",dwi.rahmawati,0,active,0,"44c32c37-d441-42dd-ae71-53cf9a7a9c00",71
80,"2022-12-26 16:50:28",dwi.rahmawati,"2022-12-26 16:50:28",dwi.rahmawati,0,active,0,bb6c6d68-b429-4951-98cf-eec71af99fdc,92
81,"2022-12-26 16:53:59",dwi.rahmawati,"2022-12-26 16:53:59",dwi.rahmawati,0,active,0,"8af19278-f71e-421b-83b3-076231a067e1",129
82,"2022-12-26 16:55:49",dwi.rahmawati,"2022-12-26 16:55:49",dwi.rahmawati,0,active,0,"3696ec31-7a21-4d08-ab9b-807919951492",70
83,"2022-12-26 16:58:54",dwi.rahmawati,"2022-12-26 16:58:54",dwi.rahmawati,0,active,0,ab4758c5-04d4-4dfb-a6e8-0b56b6ea567e,96
84,"2022-12-26 17:09:15",dwi.rahmawati,"2022-12-26 17:09:15",dwi.rahmawati,0,active,0,"920c541b-f491-47ce-973d-f4f85091c808",90
85,"2022-12-26 17:17:13",dwi.rahmawati,"2022-12-26 17:17:13",dwi.rahmawati,0,active,0,d437ad2d-b2c7-4d7d-a509-9b66d5be257e,97
86,"2022-12-26 17:49:45",dwi.rahmawati,"2022-12-26 17:49:45",dwi.rahmawati,0,active,0,d6792a53-def7-476a-92ef-e4d4475d935e,145
87,"2022-12-26 17:52:34",dwi.rahmawati,"2022-12-26 17:52:34",dwi.rahmawati,0,active,0,"3eec0101-6080-4007-9752-3d3a5fa559ce",73
88,"2022-12-26 17:54:03",dwi.rahmawati,"2022-12-26 17:54:03",dwi.rahmawati,0,active,0,f8c53d1e-8ae6-4c6c-8436-8a0823336755,144
89,"2022-12-26 17:55:25",dwi.rahmawati,"2022-12-26 17:55:25",dwi.rahmawati,0,active,0,"0723bafe-80ee-4f17-901f-5b9e000dbb9f",143
90,"2022-12-26 17:57:01",dwi.rahmawati,"2022-12-26 17:57:01",dwi.rahmawati,0,active,0,"6c0c33e7-6ce9-4393-ad90-9c46eb17d009",142
91,"2022-12-26 17:58:29",dwi.rahmawati,"2022-12-26 17:58:29",dwi.rahmawati,0,active,0,"293b8fb6-6b10-44d6-952e-119b24567f0a",141
92,"2022-12-26 18:00:32",dwi.rahmawati,"2022-12-26 18:00:32",dwi.rahmawati,0,active,0,"11c48700-ec86-4759-b6c6-0c55aad13e22",137
93,"2022-12-26 18:09:34",jocelyn.tandrian,"2022-12-26 18:09:34",jocelyn.tandrian,0,active,0,eca57763-052b-46f0-9682-1159721acbe7,134
94,"2022-12-26 18:37:18",jocelyn.tandrian,"2022-12-26 18:37:18",jocelyn.tandrian,0,active,0,c044ce50-bc55-4c03-ad07-044817ea959c,136
95,"2022-12-26 18:39:19",jocelyn.tandrian,"2022-12-26 18:39:19",jocelyn.tandrian,0,active,0,"08cd5b57-da30-4f48-a124-19cc63f8f1b7",138
96,"2022-12-26 18:40:28",jocelyn.tandrian,"2022-12-26 18:40:28",jocelyn.tandrian,0,active,0,b2005f8b-a64d-4a38-b2ff-37aa1c19aacb,139
97,"2022-12-26 18:41:18",jocelyn.tandrian,"2022-12-26 18:41:18",jocelyn.tandrian,0,active,0,d0e10e26-ead1-44d8-9fb0-6883dc88da1b,140
98,"2022-12-26 18:43:12",jocelyn.tandrian,"2022-12-26 18:43:12",jocelyn.tandrian,0,active,0,e744a7e1-d26a-4cf5-adab-a051e148822e,93
99,"2022-12-26 18:45:04",jocelyn.tandrian,"2022-12-26 18:45:04",jocelyn.tandrian,0,active,0,a8baab61-3810-4aa0-8b6c-ae7870dca3d2,94
100,"2022-12-27 02:04:40",jocelyn.tandrian,"2022-12-27 02:04:40",jocelyn.tandrian,0,active,0,dd973cca-f7d7-44a2-874f-35945fdd53b7,95
101,"2022-12-27 02:06:26",jocelyn.tandrian,"2022-12-27 02:06:26",jocelyn.tandrian,0,active,0,"5b3c6ee2-2219-4175-95f6-2ec7039e8de5",16
102,"2022-12-27 02:07:06",jocelyn.tandrian,"2022-12-27 02:07:06",jocelyn.tandrian,0,active,0,a57a0728-d60e-4241-b6fa-ab62a234bbb0,99
103,"2022-12-27 02:08:17",jocelyn.tandrian,"2022-12-27 02:08:17",jocelyn.tandrian,0,active,0,db462190-9146-4530-8ee5-b9359e5d508c,100
104,"2022-12-27 11:21:25",nabila.sauzan,"2022-12-27 11:21:25",nabila.sauzan,0,active,0,"23ff4a59-dc63-4dc4-be2c-d347d576486e",101
105,"2022-12-27 11:25:29",nabila.sauzan,"2022-12-27 11:25:29",nabila.sauzan,0,active,0,f7a29f6f-d0b0-4e9a-85df-e225d725e266,69
106,"2022-12-27 11:26:14",wiwin.dwiutami.hakim,"2023-07-17 20:45:45",novi,1,inactive,0,"5ef50c54-288e-4a7f-aa02-6fcca0f3c0e5",98
107,"2022-12-27 11:26:14",wiwin.dwiutami.hakim,"2023-07-17 20:45:54",novi,1,active,0,"0989a198-ff15-45e3-b7b5-76e9db102e71",98
108,"2022-12-27 11:33:11",nabila.sauzan,"2022-12-27 11:33:11",nabila.sauzan,0,active,0,"2de70d7b-20c2-4874-b8b5-88eee6ac1007",108
109,"2022-12-27 11:34:39",nabila.sauzan,"2022-12-27 11:34:39",nabila.sauzan,0,active,0,ca3e2949-c8be-420a-bf63-bcf315328a88,109
110,"2022-12-27 11:34:46",wiwin.dwiutami.hakim,"2022-12-27 11:34:46",wiwin.dwiutami.hakim,0,active,0,f54e574a-252a-42b4-a383-e4d6f036ecce,148
111,"2022-12-27 11:36:05",nabila.sauzan,"2022-12-27 11:36:05",nabila.sauzan,0,active,0,"0ec46f18-2910-41ca-a111-e11c7201fd43",110
112,"2022-12-27 11:36:25",wiwin.dwiutami.hakim,"2022-12-27 11:36:25",wiwin.dwiutami.hakim,0,active,0,b1155d3f-69a3-4149-8802-efa4e4b8429c,22
113,"2022-12-27 11:38:36",wiwin.dwiutami.hakim,"2022-12-27 11:38:36",wiwin.dwiutami.hakim,0,active,0,f96513a9-7482-499b-aa95-6f2826f3b7d2,24
114,"2022-12-27 11:39:13",wiwin.dwiutami.hakim,"2022-12-27 11:39:13",wiwin.dwiutami.hakim,0,active,0,a0978941-818b-458a-a47a-3f0ff5796227,104
115,"2022-12-27 11:39:54",wiwin.dwiutami.hakim,"2022-12-27 11:39:54",wiwin.dwiutami.hakim,0,active,0,df69f592-c0f7-456e-a312-cf58ee064707,27
116,"2022-12-27 11:40:23",wiwin.dwiutami.hakim,"2022-12-27 11:40:23",wiwin.dwiutami.hakim,0,active,0,"0650267a-9c4f-47cd-bb35-170805b653d9",28
117,"2022-12-27 11:42:24",wiwin.dwiutami.hakim,"2022-12-27 11:42:24",wiwin.dwiutami.hakim,0,active,0,"1645a2fe-c0cf-46c3-b067-2ccc15ec8da9",84
118,"2022-12-27 11:43:15",wiwin.dwiutami.hakim,"2022-12-27 11:43:15",wiwin.dwiutami.hakim,0,active,0,"7436a272-d955-48e3-ae5e-890394a3c61b",115
119,"2022-12-27 11:43:15",wiwin.dwiutami.hakim,"2022-12-27 11:43:15",wiwin.dwiutami.hakim,0,active,0,"08fe0c2c-dac3-4815-8166-5f478c37bb1a",115
120,"2022-12-27 11:48:07",wiwin.dwiutami.hakim,"2022-12-27 11:48:07",wiwin.dwiutami.hakim,0,active,0,eb3e2a0f-6c26-49cb-83d1-c68c1156aa0a,149
121,"2022-12-27 11:48:56",wiwin.dwiutami.hakim,"2022-12-27 11:48:56",wiwin.dwiutami.hakim,0,active,0,"2f1f70b9-bf3a-4a1c-8fe7-722b71783138",116
122,"2022-12-27 11:49:45",wiwin.dwiutami.hakim,"2022-12-27 11:49:45",wiwin.dwiutami.hakim,0,active,0,"6325102a-fe4c-47db-aeac-36539c102e70",117
123,"2022-12-27 11:58:23",nabila.sauzan,"2022-12-27 11:58:23",nabila.sauzan,0,active,0,e0fea013-223b-43e4-ba1b-b2141df265fe,111
124,"2022-12-27 11:59:18",nabila.sauzan,"2022-12-27 11:59:18",nabila.sauzan,0,active,0,e4ebf7f9-e4d7-42bb-b6a5-1d1957e0791c,39
125,"2022-12-27 12:00:21",nabila.sauzan,"2022-12-27 12:00:21",nabila.sauzan,0,active,0,"2b98831f-0a29-4066-a148-ea267fcfc7f7",40
126,"2022-12-27 12:01:19",nabila.sauzan,"2022-12-27 12:01:19",nabila.sauzan,0,active,0,"0ec7140a-fed6-430d-8785-480cb3919e80",44
127,"2022-12-27 12:02:15",nabila.sauzan,"2022-12-27 12:02:15",nabila.sauzan,0,active,0,"503d200d-0edf-47f8-8ebb-1aa480b18768",45
128,"2022-12-27 12:03:18",nabila.sauzan,"2022-12-27 12:03:18",nabila.sauzan,0,active,0,"5b1d3ca8-e726-41bd-a680-59699bbf606a",113
129,"2022-12-27 12:04:20",nabila.sauzan,"2022-12-27 12:04:20",nabila.sauzan,0,active,0,de690f85-2a56-416a-b53a-745fb7d91c9c,114
130,"2022-12-27 12:05:30",nabila.sauzan,"2022-12-27 12:05:30",nabila.sauzan,0,active,0,"5ddc3547-6a06-4cfb-8c71-f3d0105173e4",120
131,"2022-12-27 12:06:11",nabila.sauzan,"2022-12-27 12:06:11",nabila.sauzan,0,active,0,"0ed2a053-2d95-42a0-8a64-18a380adeeed",33
132,"2022-12-27 12:06:58",nabila.sauzan,"2022-12-27 12:06:58",nabila.sauzan,0,active,0,b497bd9b-8534-497e-9ead-562e9900d6df,46
133,"2022-12-27 12:07:59",nabila.sauzan,"2022-12-27 12:07:59",nabila.sauzan,0,active,0,"454a58ec-47fc-4bc4-8ce9-9b2a62ef84ae",47
134,"2022-12-27 12:08:57",nabila.sauzan,"2022-12-27 12:08:57",nabila.sauzan,0,active,0,"3216d3c3-ec49-44b3-bd44-c04478e39eeb",127
135,"2022-12-27 13:00:29",wiwin.dwiutami.hakim,"2022-12-27 13:00:29",wiwin.dwiutami.hakim,0,active,0,"931bb4bd-1ba7-48f3-9c54-73464a840402",118
136,"2022-12-27 13:01:14",wiwin.dwiutami.hakim,"2022-12-27 13:01:14",wiwin.dwiutami.hakim,0,active,0,"9ee13ee6-f9b0-4a43-8b0a-2319d75d58dd",119
137,"2022-12-27 13:02:24",wiwin.dwiutami.hakim,"2022-12-27 13:02:24",wiwin.dwiutami.hakim,0,active,0,"3e19c41f-147a-49e2-aba4-4f9875be6a0a",57
138,"2022-12-27 13:03:43",wiwin.dwiutami.hakim,"2022-12-27 13:03:43",wiwin.dwiutami.hakim,0,active,0,af62ce0e-9eac-4d3e-91ed-1e43fdeab1b0,121
139,"2022-12-27 14:29:10",wiwin.dwiutami.hakim,"2022-12-27 14:29:10",wiwin.dwiutami.hakim,0,active,0,"8a504441-409d-493e-9fad-ddcb2b57af1a",135
140,"2022-12-27 14:29:37",wiwin.dwiutami.hakim,"2022-12-27 14:29:37",wiwin.dwiutami.hakim,0,active,0,"0c99525a-1302-42fe-9a7c-b4683d3201aa",133
141,"2022-12-27 14:30:29",wiwin.dwiutami.hakim,"2022-12-27 14:30:29",wiwin.dwiutami.hakim,0,active,0,eb0e3c9e-eb15-46aa-8976-74d2c9d17235,130
142,"2022-12-27 14:31:16",wiwin.dwiutami.hakim,"2022-12-27 14:31:16",wiwin.dwiutami.hakim,0,active,0,"81feedd3-2088-4d9f-bf30-1ec25eb4deb6",126
143,"2022-12-27 14:34:07",wiwin.dwiutami.hakim,"2022-12-27 14:34:07",wiwin.dwiutami.hakim,0,active,0,"23fbcab4-6d70-4fa3-9bc7-2e1142dc5078",125
144,"2022-12-27 14:34:51",wiwin.dwiutami.hakim,"2022-12-27 14:34:51",wiwin.dwiutami.hakim,0,active,0,"0506bcc7-03c3-4e0a-b49a-6bbd8be07a04",124
145,"2022-12-27 14:36:12",wiwin.dwiutami.hakim,"2022-12-27 14:36:12",wiwin.dwiutami.hakim,0,active,0,"7c89a3a7-eb89-4865-88f7-946f498b31ff",123
146,"2022-12-27 14:37:00",wiwin.dwiutami.hakim,"2022-12-27 14:37:00",wiwin.dwiutami.hakim,0,active,0,fd91a228-2458-4f00-a45a-f95a318476c7,122
147,"2022-12-27 18:09:48",nabila.sauzan,"2022-12-27 18:09:48",nabila.sauzan,0,active,0,cf1c4e2d-109c-4066-ac13-689b68783ecf,128
148,"2022-12-27 23:20:28",nabila.sauzan,"2022-12-27 23:20:28",nabila.sauzan,0,active,0,"40e2b8f6-6e33-48f0-b59f-b9dae3f415a8",131
149,"2022-12-27 23:21:17",nabila.sauzan,"2022-12-27 23:21:17",nabila.sauzan,0,active,0,"4ca80cd7-8280-48d7-b6c9-5ec211ab14e1",132
150,"2022-12-27 23:22:38",nabila.sauzan,"2022-12-27 23:22:38",nabila.sauzan,0,active,0,"6a5cad90-a361-44eb-bf4c-1b8e62bd0abc",102
151,"2022-12-27 23:23:56",nabila.sauzan,"2022-12-27 23:23:56",nabila.sauzan,0,active,0,af21257a-b5b3-482d-b198-75798107f809,105
152,"2022-12-27 23:24:55",nabila.sauzan,"2022-12-27 23:24:55",nabila.sauzan,0,active,0,"07bd93f7-98a5-4917-b249-3e696e05d9eb",106
153,"2022-12-27 23:25:52",nabila.sauzan,"2022-12-27 23:25:52",nabila.sauzan,0,active,0,"7319c01e-2193-4683-a816-bba9d00e7eff",107
154,"2022-12-27 23:27:10",nabila.sauzan,"2022-12-27 23:27:10",nabila.sauzan,0,active,0,ca395cee-2cf9-4235-a1a1-3f9db60c5ede,103
155,"2022-12-27 23:28:13",nabila.sauzan,"2022-12-27 23:28:13",nabila.sauzan,0,active,0,dbb7102d-7366-4747-afc3-56783c2ea526,112
156,"2022-12-27 23:30:56",nabila.sauzan,"2022-12-27 23:30:56",nabila.sauzan,0,active,0,"3b2f2f4a-1048-431f-8cb8-f3f0d99468fd",38
157,"2022-12-27 23:31:45",nabila.sauzan,"2022-12-27 23:31:45",nabila.sauzan,0,active,0,"2116d259-289f-4e9f-ba24-2cf516bef8bf",43
158,"2022-12-27 23:32:49",nabila.sauzan,"2022-12-27 23:32:49",nabila.sauzan,0,active,0,"024880c7-d892-49bd-87dd-752f0591915a",83
159,"2023-01-02 22:52:29",jocelyn.tandrian,"2023-01-17 14:15:25",dwi.rahmawati,2,inactive,0,ca37b5c7-c3e3-452f-9b19-070d0e6d742e,9
160,"2023-01-02 22:52:58",jocelyn.tandrian,"2023-01-17 14:15:30",dwi.rahmawati,3,inactive,0,dff68df2-4f81-4172-b65e-cfb640596dee,9
161,"2023-01-02 22:56:00",jocelyn.tandrian,"2023-02-07 15:58:52",novi,0,inactive,0,"6815bceb-373e-4940-9a1b-ae7265d9b361",41
162,"2023-01-02 23:02:17",jocelyn.tandrian,"2023-01-17 15:46:51",dwi.rahmawati,2,inactive,0,"583318d5-01c9-4db7-ad0e-760b78747d14",23
163,"2023-01-02 23:02:30",jocelyn.tandrian,"2023-01-17 15:46:46",dwi.rahmawati,3,inactive,0,fe13415b-1f1d-43cc-b49b-cec15ce9e886,23
164,"2023-01-02 23:02:46",jocelyn.tandrian,"2023-01-17 15:46:41",dwi.rahmawati,4,inactive,0,a9a6be55-1b02-45b3-905c-83cd984a232a,23
165,"2023-01-02 23:02:57",jocelyn.tandrian,"2023-01-17 15:46:36",dwi.rahmawati,5,inactive,0,"7477fc49-5c76-4890-960d-70da44efb501",23
166,"2023-01-02 23:03:15",jocelyn.tandrian,"2023-01-17 15:46:32",dwi.rahmawati,6,inactive,0,e5f42b94-dae1-467d-b22d-0a0d87932e1c,23
167,"2023-01-02 23:03:26",jocelyn.tandrian,"2023-01-17 15:46:28",dwi.rahmawati,7,inactive,0,"48339cde-7926-4862-92a3-56c1bb03ea5e",23
168,"2023-01-02 23:03:38",jocelyn.tandrian,"2023-01-17 15:46:24",dwi.rahmawati,8,inactive,0,b5dcd06e-ae0c-4a1e-9c0d-e9450eca1a90,23
169,"2023-01-02 23:12:50",jocelyn.tandrian,"2023-10-21 16:07:28",audhy.prabowo,2,active,0,"9f5645c2-75f9-4bfa-8cb6-0f09d61e4141",62
170,"2023-01-05 15:45:50",dwi.rahmawati,"2023-01-05 15:45:50",dwi.rahmawati,0,active,0,"32353a6e-7060-44e7-8593-8cd1d2272ab5",150
171,"2023-01-05 16:54:11",dwi.rahmawati,"2023-03-14 13:30:16",audhy.prabowo,0,inactive,0,feb610d3-db46-44e9-8879-a3a45ad2660e,151
172,"2023-01-06 11:04:17",dwi.rahmawati,"2023-01-06 11:04:17",dwi.rahmawati,0,active,0,"19717011-0254-42dc-a530-46d488c67ae4",35
173,"2023-01-12 15:28:35",dwi.rahmawati,"2023-01-12 15:28:35",dwi.rahmawati,0,active,0,a7ba830f-d07c-4d19-a59f-a13dad045954,53
174,"2023-01-12 15:30:13",dwi.rahmawati,"2023-01-12 15:30:13",dwi.rahmawati,0,active,0,"30766f2f-abc8-4804-9478-1ab6860ebfbc",78
175,"2023-01-12 15:38:50",dwi.rahmawati,"2023-01-12 15:38:50",dwi.rahmawati,0,active,0,"1178a3db-6798-489c-909f-6f7cf513513a",32
176,"2023-01-12 16:50:18",dwi.rahmawati,"2023-01-12 16:50:18",dwi.rahmawati,0,active,0,"796f3a38-521b-4020-9e59-0c7183975c61",37
177,"2023-01-12 16:51:43",dwi.rahmawati,"2023-01-12 16:51:43",dwi.rahmawati,0,active,0,bafd6e15-158a-432d-b96c-38f945f155ce,85
178,"2023-01-12 16:57:31",dwi.rahmawati,"2023-01-12 16:57:31",dwi.rahmawati,0,active,0,b71d91fb-7dc5-4b5d-a086-50340d5b42c1,49
179,"2023-01-15 14:35:45",dwi.rahmawati,"2023-01-15 14:35:45",dwi.rahmawati,0,active,0,"6b4091f9-6e24-476b-89d3-0ad26c4ba2e5",152
180,"2023-01-15 14:44:14",dwi.rahmawati,"2023-01-15 14:44:14",dwi.rahmawati,0,active,0,bc54cdd5-70ed-430c-acae-5b15527d30dc,153
181,"2023-01-17 17:00:12",dwi.rahmawati,"2023-02-06 17:07:57",dwi.rahmawati,2,inactive,0,e3024039-da98-4405-83cf-620da86f85f4,41
182,"2023-01-18 15:30:34",dwi.rahmawati,"2023-01-18 15:30:34",dwi.rahmawati,0,active,0,a445c7a3-4a09-4c43-b0ce-88b18382b6c1,154
183,"2023-01-24 09:32:17",dwi.rahmawati,"2023-01-24 09:32:17",dwi.rahmawati,0,active,0,"1e86bab8-24f8-4c50-8dc9-4ecf1c6700fb",156
184,"2023-01-26 16:59:32",audhy.prabowo,"2023-01-26 16:59:32",audhy.prabowo,0,active,0,"85c21c24-fb7d-4580-810f-a599ece09d87",60
185,"2023-01-26 17:00:18",audhy.prabowo,"2023-01-26 17:00:18",audhy.prabowo,0,active,0,"4a611b0a-bc54-47cf-a0f9-970744d820a6",61
186,"2023-01-26 17:07:14",dwi.rahmawati,"2023-01-26 17:07:14",dwi.rahmawati,0,active,0,"74aad97a-fb47-4764-a634-f2502e10c62e",63
187,"2023-01-30 16:19:03",dwi.rahmawati,"2023-01-30 16:21:30",dwi.rahmawati,2,active,0,bda3c6e7-d8d3-4027-8357-e4e50cfdbd78,157
188,"2023-01-30 16:21:23",dwi.rahmawati,"2023-01-30 16:21:23",dwi.rahmawati,1,active,0,"9b88c573-fdc9-4028-b4e5-e8bf475a2640",157
189,"2023-01-31 09:44:17",dwi.rahmawati,"2023-01-31 09:44:17",dwi.rahmawati,0,active,0,"1f6c9702-c947-4864-a1b2-de99abaa9050",158
190,"2023-01-31 09:54:26",dwi.rahmawati,"2023-01-31 09:54:26",dwi.rahmawati,0,active,0,"81393742-6a39-4f8c-937b-5531a50bd493",159
191,"2023-02-01 15:52:09",dwi.rahmawati,"2023-02-01 15:52:09",dwi.rahmawati,3,active,0,"068d88a7-3a47-409e-9cdf-f64a215f49c9",157
192,"2023-02-03 00:02:45",novi,"2023-02-03 00:19:21",novi,7,active,0,"98b3ba34-4402-46c6-9d30-51b4e9dfab3b",146
193,"2023-02-03 00:20:47",novi,"2023-02-03 00:20:47",novi,10,active,0,b6860d5f-2a1e-4bc2-a552-0393a4cc51c1,146
194,"2023-02-03 00:45:17",novi,"2023-02-03 00:45:17",novi,11,active,1,f5fc12b2-03c2-48d1-a720-30418310b5ee,146
195,"2023-02-04 12:41:32",novi,"2023-02-04 12:41:32",novi,1,active,0,a064c45b-7382-4e98-a871-6b71d4bf4e60,9
196,"2023-02-06 13:44:50",dwi.rahmawati,"2023-02-06 13:44:50",dwi.rahmawati,1,active,0,d77265f8-637f-4e47-925a-a23aa0fdcd07,160
197,"2023-02-06 13:45:17",dwi.rahmawati,"2023-02-06 13:45:17",dwi.rahmawati,2,active,0,"2ffe1365-25e7-4a1c-8a07-d4072b817445",160
198,"2023-02-06 13:45:42",dwi.rahmawati,"2023-02-06 13:45:42",dwi.rahmawati,3,active,0,cca297f5-b89d-48ee-87cd-529b31656c61,160
199,"2023-02-06 13:46:29",dwi.rahmawati,"2023-02-06 13:46:29",dwi.rahmawati,4,active,1,"2d841976-75d1-46cd-a97b-472385d0fae8",160
200,"2023-02-06 13:48:11",dwi.rahmawati,"2023-02-06 13:48:11",dwi.rahmawati,5,active,0,"71abb43c-3c24-4009-bd83-de0710080a5f",160
201,"2023-02-06 13:49:46",dwi.rahmawati,"2023-02-06 13:49:47",dwi.rahmawati,6,active,1,df246e4b-dd1c-442f-a845-d8a39d6ea1a4,160
202,"2023-02-06 13:52:23",dwi.rahmawati,"2023-02-06 19:12:54",audhy.prabowo,7,inactive,0,"9528daa5-6481-46f1-b4f5-f5f16a7bb3cf",160
203,"2023-02-06 13:52:42",dwi.rahmawati,"2023-02-06 13:52:42",dwi.rahmawati,8,active,0,"497980b7-ab2b-4685-8ad2-e683a7e17122",160
204,"2023-02-06 13:53:48",dwi.rahmawati,"2023-02-06 13:53:48",dwi.rahmawati,9,active,1,"096d2c6b-7bca-4831-a207-85c8e397ac75",160
205,"2023-02-06 13:54:17",dwi.rahmawati,"2023-02-06 19:16:37",audhy.prabowo,10,inactive,0,"83bc62b7-f424-4e0f-985e-4148ef643825",160
206,"2023-02-07 15:21:55",novi,"2023-02-07 15:21:55",novi,1,active,1,"089ba05e-c602-4400-99d4-bc4101d08617",151
207,"2023-02-07 15:28:53",novi,"2023-02-07 15:28:53",novi,2,active,1,b9663411-8c98-4f05-8adc-a3b8ac1ef349,151
208,"2023-02-07 15:30:38",novi,"2023-02-07 15:30:38",novi,3,active,1,"0c788fe7-1b10-4c14-8ea9-5d7dfcfa4ecb",151
209,"2023-03-01 08:52:22",novi,"2023-04-17 10:07:55",dwi.rahmawati,1,active,0,"13ef15a2-ec6f-4ea7-a833-d3b7c9f46f2e",72
210,"2023-03-06 13:05:59",dwi.rahmawati,"2023-03-06 13:05:59",dwi.rahmawati,0,active,0,"5876ae76-d7d9-4c41-85b5-b899a723b5af",161
211,"2023-03-06 15:28:37",dwi.rahmawati,"2023-03-06 15:28:37",dwi.rahmawati,0,active,0,dd0ea04a-ec8b-452a-9ae2-ebb7c59bef7e,162
212,"2023-03-06 15:33:09",dwi.rahmawati,"2023-03-06 15:33:09",dwi.rahmawati,0,active,0,edd5165d-4025-4f5c-93c0-b76195a44764,163
213,"2023-04-13 12:45:57",dwi.rahmawati,"2023-04-13 12:45:57",dwi.rahmawati,0,active,0,"1ac8496f-701a-456a-a5fe-8d6a145e1c9c",67
214,"2023-04-13 12:51:17",dwi.rahmawati,"2023-04-13 12:51:17",dwi.rahmawati,0,active,0,"5db7d7ff-041f-46b2-b04c-9ca152dfa15f",68
215,"2023-04-13 13:11:51",dwi.rahmawati,"2023-04-13 13:15:23",dwi.rahmawati,0,inactive,0,"17560715-0115-4db8-ab73-fa5970c29fe8",164
216,"2023-04-13 13:23:22",dwi.rahmawati,"2023-04-13 13:23:22",dwi.rahmawati,0,active,0,e030b4da-9134-436f-a286-987d2dd107c7,165
217,"2023-04-13 13:28:10",jocelyn.tandrian,"2023-04-13 13:28:10",jocelyn.tandrian,0,active,0,"3045bd4f-24b3-4700-97eb-b48caaa19014",74
218,"2023-04-13 13:34:22",dwi.rahmawati,"2023-04-13 13:34:22",dwi.rahmawati,0,active,0,"2ef667bd-1aeb-446a-aa10-6cac6177709d",166
219,"2023-04-13 13:36:18",jocelyn.tandrian,"2023-04-13 14:58:41",jocelyn.tandrian,0,inactive,0,"32120a69-6386-442a-b7f0-3e50b39152b6",167
220,"2023-04-13 13:38:59",jocelyn.tandrian,"2023-04-13 13:38:59",jocelyn.tandrian,0,active,0,d3e6ecc2-9368-43eb-ab9e-6e746edaf48f,168
221,"2023-04-13 13:39:46",dwi.rahmawati,"2023-04-13 13:39:46",dwi.rahmawati,0,active,0,ec196c3c-e893-4aa2-be27-39fcf5ddb31e,169
222,"2023-04-13 13:40:26",jocelyn.tandrian,"2023-04-13 13:40:26",jocelyn.tandrian,0,active,0,"0e3b2820-8983-479a-b65e-7333b6786b0b",170
223,"2023-04-13 13:46:10",jocelyn.tandrian,"2023-04-13 13:46:10",jocelyn.tandrian,0,active,0,c6adc843-127e-4561-8cda-eb6f52fa2043,77
224,"2023-04-13 13:48:52",jocelyn.tandrian,"2023-04-13 13:48:52",jocelyn.tandrian,0,active,0,"5e001cd3-843a-4164-91be-6f265fef8347",36
225,"2023-04-13 13:50:39",jocelyn.tandrian,"2023-04-13 13:50:39",jocelyn.tandrian,0,active,0,e5fe090e-fe2d-40c3-88cb-c7778d69f3a1,171
226,"2023-04-13 13:52:53",jocelyn.tandrian,"2023-04-13 13:52:53",jocelyn.tandrian,0,active,0,"400c268c-2bf8-4d97-89ea-5f223f7cc8ba",172
227,"2023-04-13 14:58:29",jocelyn.tandrian,"2023-04-13 14:58:29",jocelyn.tandrian,0,active,0,"02853c35-5ca7-46b3-aa54-7d91bf497003",167
228,"2023-05-19 17:37:56",dwi.rahmawati,"2023-05-19 17:53:55",dwi.rahmawati,0,inactive,0,"80abad24-c0ee-44d0-86ef-a6f717524b99",84
229,"2023-05-19 18:19:07",dwi.rahmawati,"2023-05-23 08:33:14",dwi.rahmawati,1,active,0,"2470d183-7a6b-42de-9fa1-8d35ff362bd3",173
230,"2023-05-19 18:19:24",dwi.rahmawati,"2023-05-19 18:19:25",dwi.rahmawati,0,active,0,"9bb1719e-bf4c-43af-873d-e6b10da7c042",173
231,"2023-05-19 18:26:15",dwi.rahmawati,"2023-05-23 08:33:50",dwi.rahmawati,1,active,0,c4e651ca-4267-4d66-b9c1-0cf75fedd5e0,174
232,"2023-05-19 18:27:29",dwi.rahmawati,"2023-05-19 18:27:29",dwi.rahmawati,0,active,0,"87426502-b528-4b16-b197-d27f34a6d154",174
233,"2023-05-22 17:08:48",jocelyn.tandrian,"2023-05-22 17:08:48",jocelyn.tandrian,0,active,0,d994b0d4-3759-45f5-986d-2bcb7101b9cf,175
234,"2023-05-29 14:53:15",nabila.sauzan,"2023-05-29 14:53:15",nabila.sauzan,0,active,0,"75364148-af34-49c1-a7d0-7bceaa33d4f9",176
235,"2023-05-29 15:04:49",jocelyn.tandrian,"2023-05-29 15:04:49",jocelyn.tandrian,0,active,0,"84b18b48-445e-471e-bba1-759a5f7471c8",177
236,"2023-05-29 18:12:15",nabila.sauzan,"2023-05-29 20:35:34",audhy.prabowo,1,active,1,"03ae4af0-3a9d-4093-bf17-c219c939531e",178
237,"2023-05-29 18:18:30",nabila.sauzan,"2023-05-29 20:44:09",audhy.prabowo,1,active,1,"038a72cd-6386-4799-822a-4510ed164ba9",179
238,"2023-06-05 10:45:39",audhy.prabowo,"2023-06-05 10:45:39",audhy.prabowo,1,active,1,"4282fefe-380a-4669-95af-617fa0e913fa",180
239,"2023-06-05 11:57:09",nabila.sauzan,"2023-06-05 11:57:09",nabila.sauzan,1,active,1,"01cdfaa5-a814-41ac-ac84-6e07b8847cd5",181
240,"2023-06-05 11:59:51",nabila.sauzan,"2023-06-05 11:59:51",nabila.sauzan,2,active,1,"18b75417-8e16-4256-b94f-55b8e04cb831",181
241,"2023-06-05 12:04:28",nabila.sauzan,"2023-06-05 12:04:28",nabila.sauzan,3,active,1,"69b627a5-8bb8-404b-9ab0-f5f455175429",181
242,"2023-06-05 12:05:13",nabila.sauzan,"2023-06-05 12:05:13",nabila.sauzan,4,active,0,d36dd75e-c1d5-475e-a351-a0d910bda92a,181
243,"2023-06-05 12:07:02",nabila.sauzan,"2023-06-05 12:07:02",nabila.sauzan,5,active,1,"4ee0fdc5-877f-4bdd-a7f5-52090379f41e",181
244,"2023-06-05 13:22:12",nabila.sauzan,"2023-06-05 13:22:12",nabila.sauzan,2,active,1,"8eb2103b-0766-4c54-a87c-ed664015f15f",180
245,"2023-06-05 13:24:00",nabila.sauzan,"2023-06-05 13:24:00",nabila.sauzan,3,active,1,eef0bea0-3877-4a77-9065-abe4c1e21a14,180
246,"2023-06-05 13:26:49",nabila.sauzan,"2023-06-05 13:26:49",nabila.sauzan,4,active,0,b00630c8-a3dc-4ccf-b2ff-3042a1e43911,180
247,"2023-06-05 13:28:10",nabila.sauzan,"2023-06-05 16:06:22",nabila.sauzan,5,inactive,1,"5599a4e8-eeb3-4d53-9918-d9c5e4e37251",180
248,"2023-06-05 13:30:02",nabila.sauzan,"2023-06-05 13:30:02",nabila.sauzan,6,active,1,"02374d9a-0a0a-44a0-ab0b-22eba98f2352",180
249,"2023-06-05 13:30:46",nabila.sauzan,"2023-06-05 13:30:46",nabila.sauzan,7,active,0,"832b534b-16d8-4c48-b3ce-8cb3122b6f3d",180
250,"2023-06-05 13:31:28",nabila.sauzan,"2023-06-05 16:13:18",nabila.sauzan,9,inactive,0,d24c6e53-e626-4aac-8979-ab76d4770888,180
251,"2023-06-05 13:32:11",nabila.sauzan,"2023-06-05 16:12:49",nabila.sauzan,8,active,0,ddc87c9c-e8a0-4683-80be-c63c416ff8d2,180
252,"2023-06-05 13:32:50",nabila.sauzan,"2023-06-05 15:24:52",nabila.sauzan,10,inactive,0,"4b2b9874-7ee5-4a63-b32e-4a4ca49482c8",180
253,"2023-06-05 13:33:54",nabila.sauzan,"2023-06-05 15:25:11",nabila.sauzan,11,inactive,0,"6692f89b-d37c-47ed-85e4-a1d917c87cc5",180
254,"2023-06-05 14:20:03",nabila.sauzan,"2023-06-05 16:14:08",nabila.sauzan,6,inactive,0,"0e78f272-3194-4dc7-a610-bd2e9a8b82a0",182
255,"2023-06-05 14:31:57",nabila.sauzan,"2023-06-05 14:31:57",nabila.sauzan,1,active,1,"64a533fb-ca0d-4bf5-b88c-24606eaa1c7e",183
256,"2023-06-05 14:42:07",nabila.sauzan,"2023-06-05 14:42:07",nabila.sauzan,1,active,0,"06b48b12-bbf3-46e6-9b08-441505a5cbc9",184
257,"2023-06-05 14:42:36",nabila.sauzan,"2023-06-05 14:42:36",nabila.sauzan,2,active,0,"72d38d44-650a-4ff8-83e2-c6ec60437ac9",184
258,"2023-06-05 14:42:58",nabila.sauzan,"2023-06-05 14:42:58",nabila.sauzan,3,active,0,"1a213e79-9206-4fd3-a2c4-ecfeee7c5aba",184
259,"2023-06-05 14:44:10",nabila.sauzan,"2023-06-05 14:44:10",nabila.sauzan,4,active,1,c1d0a251-3d03-42fc-ba53-f99c0aa58ba1,184
260,"2023-06-05 14:44:38",nabila.sauzan,"2023-06-05 14:44:38",nabila.sauzan,5,active,0,"252f1bf3-4dbc-49c2-8052-79bfbb73e972",184
261,"2023-06-05 14:45:01",nabila.sauzan,"2023-06-05 14:45:01",nabila.sauzan,6,active,0,fc62b021-d4e5-496f-b3f1-a7be1eb1ae8b,184
262,"2023-06-05 14:45:24",nabila.sauzan,"2023-06-05 14:45:24",nabila.sauzan,7,active,0,"726ac5eb-7820-4835-8e0b-855ccdac611b",184
263,"2023-06-05 14:45:48",nabila.sauzan,"2023-06-05 14:45:48",nabila.sauzan,8,active,0,"30a93840-80e6-4532-8c82-dffe26be8cfe",184
264,"2023-06-05 15:42:00",nabila.sauzan,"2023-06-05 15:42:00",nabila.sauzan,1,active,0,"2a8bfd7e-d48b-4e08-9769-e5d85064cbaa",182
265,"2023-06-05 15:42:30",nabila.sauzan,"2023-06-05 15:42:30",nabila.sauzan,2,active,0,"63098c00-5aa0-4a08-85ce-ffe2fa444959",182
266,"2023-06-05 15:43:19",nabila.sauzan,"2023-06-05 15:43:19",nabila.sauzan,3,active,0,"5a46b9f0-c974-4e84-87ad-4da0fbe8e27b",182
267,"2023-06-05 15:43:39",nabila.sauzan,"2023-06-05 15:43:39",nabila.sauzan,4,active,0,"13b4b06c-f298-4997-849a-0bfd6d3f9f01",182
268,"2023-06-07 03:22:28",nabila.sauzan,"2023-06-07 03:22:28",nabila.sauzan,1,active,1,"2cd618f1-91ac-4f86-af8c-32b6a5d7846c",185
269,"2023-06-07 03:24:32",nabila.sauzan,"2023-06-07 03:24:32",nabila.sauzan,2,active,1,"284a6d2e-d3bc-40a7-86c5-c7aa5abba015",185
270,"2023-06-07 03:28:02",nabila.sauzan,"2023-06-07 03:28:02",nabila.sauzan,3,active,1,"3929fe8c-a5d2-4d0d-8a79-9a21445e032b",185
271,"2023-06-07 03:43:21",nabila.sauzan,"2023-06-07 03:43:22",nabila.sauzan,4,active,1,c40c73ef-5101-4b95-9d74-e18e3f4f4147,185
272,"2023-06-07 11:18:11",audhy.prabowo,"2023-06-07 11:18:11",audhy.prabowo,1,active,0,d99a1b46-612e-4a87-97b9-14773b82b8bc,186
273,"2023-06-07 11:25:12",jocelyn.tandrian,"2023-06-07 11:25:12",jocelyn.tandrian,1,active,0,"6d4222f2-b33f-4c47-a972-3514ecccae64",187
274,"2023-06-07 11:25:50",jocelyn.tandrian,"2023-08-29 11:17:46",audhy.prabowo,0,inactive,0,"6aa60178-1b26-4d14-9b63-9f88d78ee583",187
275,"2023-06-07 11:40:39",nabila.sauzan,"2023-06-07 11:40:39",nabila.sauzan,1,active,0,"86b12d61-a9fc-41be-b4aa-1acf4eacf02c",188
276,"2023-06-07 11:48:49",nabila.sauzan,"2023-06-07 16:08:05",nabila.sauzan,100,inactive,1,eae23dcc-78b6-4b71-9d8b-c8fe6efab6b0,188
277,"2023-06-07 11:53:14",nabila.sauzan,"2023-06-07 11:53:14",nabila.sauzan,3,active,1,c9e4dea5-1c43-48b3-8f09-e60fd0c4d640,188
278,"2023-06-07 11:57:44",nabila.sauzan,"2023-06-07 11:57:44",nabila.sauzan,4,active,0,"1960d706-f2c9-47cb-8272-7f5e25018d51",188
279,"2023-06-07 12:08:08",nabila.sauzan,"2023-06-07 12:08:08",nabila.sauzan,5,active,1,"0889c0ce-41fa-45dd-8b18-79858ffb1259",188
280,"2023-06-07 12:11:43",audhy.prabowo,"2023-06-07 18:32:54",novi,19,inactive,0,"9a2dc2c3-43dc-47ca-81b0-78f1a60b0bfe",188
281,"2023-06-07 12:13:30",dwi.rahmawati,"2023-06-07 12:13:30",dwi.rahmawati,7,active,1,"91c810d9-1ebe-424d-92fa-7c123f413942",188
282,"2023-06-07 12:14:33",audhy.prabowo,"2023-06-07 18:33:07",novi,18,inactive,0,"2c9dae25-f920-462d-be0b-e3ec5140b8e0",188
283,"2023-06-07 12:14:43",nabila.sauzan,"2023-06-07 12:14:43",nabila.sauzan,6,active,1,"7a55a468-c982-4745-b6c4-70f1ffc41155",188
284,"2023-06-07 12:17:40",dwi.rahmawati,"2023-06-07 12:17:40",dwi.rahmawati,8,active,0,"1556fb5e-ed82-40bb-a025-10dc760d56a7",188
285,"2023-06-07 12:19:41",nabila.sauzan,"2023-06-07 12:19:41",nabila.sauzan,10,active,0,"62780790-d3b4-40de-b1b2-983e058cbd20",188
286,"2023-06-07 12:20:03",dwi.rahmawati,"2023-06-07 12:20:03",dwi.rahmawati,9,active,1,"65925a09-f50b-42bb-8df7-ba2a1f3e6bdb",188
287,"2023-06-07 12:20:16",nabila.sauzan,"2023-06-07 12:20:16",nabila.sauzan,11,active,0,"540a4961-6208-48af-b1d2-e9fab5088d4a",188
288,"2023-06-07 12:22:02",nabila.sauzan,"2023-06-07 12:22:02",nabila.sauzan,12,active,0,f99cfab8-9c48-4278-aeb3-cd7caf72722a,188
289,"2023-06-07 12:22:25",nabila.sauzan,"2023-06-07 17:15:28",novi,13,active,1,"3ce6649f-b48d-4b84-badb-49589862381a",188
290,"2023-06-07 12:22:43",audhy.prabowo,"2023-06-07 12:22:43",audhy.prabowo,17,active,1,a27ec553-b990-4747-a076-ce5cf88c7126,188
291,"2023-06-07 12:23:59",dwi.rahmawati,"2023-06-07 12:23:59",dwi.rahmawati,14,active,0,c42e0104-3c86-4cc7-8c35-8b5027488cf0,188
292,"2023-06-07 12:24:24",nabila.sauzan,"2023-06-07 12:24:24",nabila.sauzan,15,active,0,aecb786a-f86c-4a35-be43-c88b3a1f5c0c,188
293,"2023-06-07 12:24:34",audhy.prabowo,"2023-06-07 12:24:34",audhy.prabowo,16,active,1,"6f12ea1a-ca13-4331-85ff-cd222470223f",188
294,"2023-06-07 16:07:17",nabila.sauzan,"2024-11-30 09:25:10",wiwin.dwiutami.hakim,2,active,1,d18d07c9-3b23-4a79-a368-4b4ef5fe888c,188
295,"2023-06-12 11:03:07",nabila.sauzan,"2023-06-12 11:03:07",nabila.sauzan,1,active,0,"827eb316-195e-4b73-aae3-121a18555cf5",190
296,"2023-06-12 11:03:56",nabila.sauzan,"2023-06-12 11:03:57",nabila.sauzan,2,active,0,fcb90bfb-a051-431d-9149-8e6ac139ae22,190
297,"2023-06-12 11:05:39",nabila.sauzan,"2023-06-12 11:05:39",nabila.sauzan,3,active,0,"4c2f0ecb-44eb-4770-be10-ec5efb3daa18",190
298,"2023-06-12 15:53:40",nabila.sauzan,"2023-06-12 15:53:40",nabila.sauzan,1,active,1,a7fa5c7c-84c1-4397-b5b2-e8ea8a59f287,189
299,"2023-06-12 15:55:11",nabila.sauzan,"2023-06-12 15:55:11",nabila.sauzan,2,active,0,ba8350fa-1e7b-495e-a7d1-016a1d3be9fe,189
300,"2023-06-12 15:55:53",nabila.sauzan,"2023-06-12 15:55:53",nabila.sauzan,3,active,0,b69c1c81-9c9d-4793-a542-d06e37e27b90,189
301,"2023-06-12 15:56:26",nabila.sauzan,"2023-06-12 15:56:26",nabila.sauzan,4,active,0,"71f8369d-6f6d-4f0d-931f-a5455ba87e77",189
302,"2023-06-12 15:57:15",nabila.sauzan,"2023-06-12 15:57:15",nabila.sauzan,5,active,0,"0096b26f-cd9f-4ff8-a605-2fb01a31a934",189
303,"2023-06-12 15:57:50",nabila.sauzan,"2023-06-12 15:57:50",nabila.sauzan,6,active,0,f2d8c2b5-e4f4-442e-82ff-3b492acf18d5,189
304,"2023-06-12 15:58:18",nabila.sauzan,"2023-06-12 15:58:18",nabila.sauzan,7,active,0,de40e6b8-fe38-4aa0-a22b-f89cf345867c,189
305,"2023-06-12 15:58:41",nabila.sauzan,"2023-06-12 15:58:41",nabila.sauzan,8,active,0,"86a724ca-ef34-44e8-b72e-649239f5392b",189
306,"2023-06-19 10:03:09",audhy.prabowo,"2023-06-19 11:23:16",nabila.sauzan,1,active,1,e3912a00-ee3a-4a0c-afaa-a37a185eb0d9,191
307,"2023-06-20 12:49:47",nabila.sauzan,"2023-06-20 12:49:47",nabila.sauzan,1,active,0,"129d67d5-545d-45e2-a77f-e07fea88bb51",192
308,"2023-06-27 15:45:27",nabila.sauzan,"2023-06-27 15:45:27",nabila.sauzan,0,active,0,"809fb52a-7431-4277-8e30-9707688f5ea3",193
309,"2023-07-13 06:57:37",nabila.sauzan,"2023-08-28 14:52:17",audhy.prabowo,2,inactive,0,"21a898e4-5248-46e2-85fe-75b8c3f7f751",194
310,"2023-07-13 06:58:43",nabila.sauzan,"2023-08-28 14:52:24",audhy.prabowo,3,inactive,0,"58d08391-27e0-4e17-b612-d0f3e7621853",194
311,"2023-07-13 07:11:05",nabila.sauzan,"2023-08-25 15:08:02",audhy.prabowo,2,inactive,0,b59ed72d-9e8d-4399-9e10-da2f2f8055a4,196
312,"2023-07-13 07:11:28",nabila.sauzan,"2023-08-25 15:08:11",audhy.prabowo,3,inactive,0,caa98cf3-d04b-4400-8e68-0b48b6633019,196
313,"2023-07-13 07:11:54",nabila.sauzan,"2023-08-25 15:08:20",audhy.prabowo,4,inactive,0,"0ee70178-90df-4482-ad6c-ceeef375f4de",196
314,"2023-07-13 07:15:05",nabila.sauzan,"2023-08-25 15:13:26",audhy.prabowo,2,inactive,0,"13d8a09c-599c-4473-8023-74477e6ca727",195
315,"2023-07-13 07:15:35",nabila.sauzan,"2023-08-25 15:13:36",audhy.prabowo,3,inactive,0,"1ffbadbe-9c9e-419c-bae6-36c40da7e7b2",195
316,"2023-07-17 20:24:06",novi,"2023-07-17 20:24:06",novi,1,active,0,"497ee85b-2493-4934-a1f4-881e8ddbd50f",30
317,"2023-07-17 20:24:46",novi,"2023-07-17 20:24:46",novi,2,active,0,"6fe8a1a8-81cd-45f8-8728-06169746dd89",30
318,"2023-07-17 20:25:40",novi,"2023-07-17 20:25:40",novi,1,active,0,"7ccfb571-4b99-4cd0-93b6-5afa9acb7eb3",30
319,"2023-07-20 15:09:06",audhy.prabowo,"2023-08-25 15:13:44",audhy.prabowo,4,inactive,0,a929296f-9cb1-4123-9754-cb1eaf7da576,195
320,"2023-07-20 16:04:50",audhy.prabowo,"2023-07-20 16:04:50",audhy.prabowo,0,active,0,f4c9b6eb-cbc6-4ca9-8c39-06f29bdbf2fd,197
321,"2023-07-20 16:05:12",audhy.prabowo,"2023-07-20 16:05:12",audhy.prabowo,0,active,0,"1347c9a2-a7fd-4ccd-a6b1-aa4f941b4eb1",197
322,"2023-07-21 15:15:10",audhy.prabowo,"2023-08-25 15:09:58",audhy.prabowo,2,inactive,0,"618bcda1-402c-4b60-a1dc-c92ce58d85b7",198
323,"2023-07-21 15:15:43",audhy.prabowo,"2023-08-25 15:10:27",audhy.prabowo,3,inactive,0,eca483ae-3bc9-47b0-86a7-fe6466b95ecf,198
324,"2023-07-21 15:16:02",audhy.prabowo,"2023-08-25 15:10:33",audhy.prabowo,4,inactive,0,"86da3f11-18a7-4056-b6df-625aa2ed957b",198
325,"2023-07-21 15:32:34",audhy.prabowo,"2023-08-28 14:52:28",audhy.prabowo,4,inactive,0,"841fda19-2457-4567-ba5c-b9252f6acb08",194
326,"2023-07-21 15:32:34",audhy.prabowo,"2023-07-27 16:41:22",audhy.prabowo,0,inactive,0,"6619c879-ba68-41ba-8c3b-76784627b8e0",194
327,"2023-07-21 15:32:34",audhy.prabowo,"2023-07-27 16:41:39",audhy.prabowo,0,inactive,0,a5a8b619-c6c2-47ae-920d-010bd7dfe154,194
328,"2023-07-21 15:32:34",audhy.prabowo,"2023-07-27 16:41:53",audhy.prabowo,0,inactive,0,"2c09aa78-0349-44ad-9eba-5e902e9a6dd3",194
329,"2023-07-21 19:01:39",audhy.prabowo,"2023-07-21 19:01:39",audhy.prabowo,0,active,0,a3a20d49-495c-4e7a-9613-05d74f494d70,199
330,"2023-08-09 18:15:50",wiwin.dwiutami.hakim,"2023-08-09 18:15:50",wiwin.dwiutami.hakim,1,active,0,"470a8ef6-93e5-485d-901d-9f0f33df0f01",200
331,"2023-08-09 18:16:14",wiwin.dwiutami.hakim,"2023-08-09 18:16:14",wiwin.dwiutami.hakim,2,active,0,"2415f4e0-ac9b-4b56-b6f7-dd12cdbf0259",200
332,"2023-08-09 18:16:34",wiwin.dwiutami.hakim,"2023-08-09 18:16:34",wiwin.dwiutami.hakim,3,active,0,"0185fca8-96f9-4298-bba0-dcdb042bb2ab",200
333,"2023-08-09 18:23:41",wiwin.dwiutami.hakim,"2023-08-09 18:23:41",wiwin.dwiutami.hakim,0,active,0,adf561c2-fdff-4aa7-b73d-749274b5e39c,201
334,"2023-08-09 18:27:19",wiwin.dwiutami.hakim,"2023-08-09 18:27:19",wiwin.dwiutami.hakim,1,active,0,"875f956f-c7b9-42d7-adb0-82c81ea0b4fa",202
335,"2023-08-09 18:27:39",wiwin.dwiutami.hakim,"2023-08-09 18:27:39",wiwin.dwiutami.hakim,2,active,0,"3fe68457-ccf9-408f-b1f4-46d6b99fab9c",202
336,"2023-08-09 18:27:56",wiwin.dwiutami.hakim,"2023-08-09 18:27:56",wiwin.dwiutami.hakim,3,active,0,b2bb46e5-e262-4ff5-b062-93338878c2a9,202
337,"2023-08-10 09:20:22",wiwin.dwiutami.hakim,"2023-08-28 16:42:18",wiwin.dwiutami.hakim,1,active,0,fbaa6991-ef68-4df9-893b-74eac5311874,203
338,"2023-08-10 09:26:42",wiwin.dwiutami.hakim,"2023-08-10 09:26:42",wiwin.dwiutami.hakim,2,active,1,"7bf7618b-3574-43bb-9bc7-581ff16954f6",203
339,"2023-08-10 09:27:43",wiwin.dwiutami.hakim,"2023-08-10 09:27:43",wiwin.dwiutami.hakim,3,active,0,"0385842b-74cc-4a7e-8657-e5020f4ab338",203
340,"2023-08-10 09:28:27",wiwin.dwiutami.hakim,"2023-08-10 09:28:27",wiwin.dwiutami.hakim,4,active,0,af7e62dc-6d79-44b8-b694-0d74a344702e,203
341,"2023-08-10 09:32:07",wiwin.dwiutami.hakim,"2023-08-10 09:32:07",wiwin.dwiutami.hakim,5,active,1,bd8eab1b-3de9-4aa8-a006-353ed9474015,203
342,"2023-08-10 10:02:13",wiwin.dwiutami.hakim,"2023-08-10 10:02:13",wiwin.dwiutami.hakim,6,active,1,"0e4851f5-b490-4a1c-8099-ee8397505c46",203
343,"2023-08-10 10:20:30",wiwin.dwiutami.hakim,"2023-08-10 10:20:30",wiwin.dwiutami.hakim,7,active,0,f89535e6-a462-4288-a0f3-48f07a6899a2,203
344,"2023-08-10 10:25:44",wiwin.dwiutami.hakim,"2023-08-10 10:25:44",wiwin.dwiutami.hakim,8,active,1,"35e34ed4-f252-4bac-8266-995ff754aba2",203
345,"2023-08-10 10:36:13",wiwin.dwiutami.hakim,"2023-08-10 10:36:13",wiwin.dwiutami.hakim,9,active,1,"0d048fd1-037f-4a89-b542-4e6d11fb3f38",203
346,"2023-08-24 21:22:55",wiwin.dwiutami.hakim,"2023-08-24 21:22:55",wiwin.dwiutami.hakim,1,active,0,"7c3f9b86-bc25-47cd-bcbb-cede2d48a8dc",204
347,"2023-08-25 15:07:32",audhy.prabowo,"2023-08-25 15:07:51",audhy.prabowo,1,active,0,"981acf07-3457-4d5d-8364-6e88c6cb8a1e",196
348,"2023-08-25 15:08:56",audhy.prabowo,"2023-08-25 15:08:56",audhy.prabowo,1,active,0,"9475b260-be59-4096-836c-b8993f543509",198
349,"2023-08-25 15:16:17",audhy.prabowo,"2023-08-25 15:16:17",audhy.prabowo,1,active,0,f0a5c8dc-6d1f-444c-86bb-f3f233863ae4,195
350,"2023-08-25 15:22:27",audhy.prabowo,"2023-08-25 15:22:27",audhy.prabowo,1,active,0,f4444180-5ba5-475d-b669-f71102e8776c,194
351,"2023-08-28 14:58:42",audhy.prabowo,"2023-08-28 14:58:42",audhy.prabowo,0,active,0,"8ccf3f1f-d48c-49a6-9418-b0daca1a1a2f",205
352,"2023-08-28 16:35:15",wiwin.dwiutami.hakim,"2023-08-29 10:49:17",audhy.prabowo,2,active,0,"0e01cb65-020a-4e98-8929-a1f8af54af3d",206
353,"2023-08-28 16:48:18",wiwin.dwiutami.hakim,"2023-08-28 16:48:18",wiwin.dwiutami.hakim,0,active,0,"4a8ce762-d81c-4888-b561-6e9617658a3b",207
354,"2023-08-28 16:54:35",wiwin.dwiutami.hakim,"2023-08-29 10:49:21",audhy.prabowo,3,active,0,"13f2f231-5ef5-4dee-956f-d8a9a2e4739e",206
355,"2023-08-28 16:55:14",wiwin.dwiutami.hakim,"2023-08-29 10:49:12",audhy.prabowo,1,active,0,c5fcb2d8-14d3-4d1f-a194-a7214d24003b,206
356,"2023-08-28 17:43:31",wiwin.dwiutami.hakim,"2023-08-28 21:28:29",audhy.prabowo,2,active,0,"123469d0-1527-4d17-8c2a-213d8a9eeb07",208
357,"2023-08-28 17:48:39",wiwin.dwiutami.hakim,"2023-08-28 21:28:39",audhy.prabowo,3,active,0,"575bab7c-092f-42bc-be01-7428bde9c9a4",208
358,"2023-08-28 18:01:32",wiwin.dwiutami.hakim,"2023-08-28 21:28:14",audhy.prabowo,1,active,0,d9260811-9d30-4405-a523-0d78de146dda,208
359,"2023-10-04 10:53:30",wiwin.dwiutami.hakim,"2023-10-04 10:53:30",wiwin.dwiutami.hakim,0,active,0,d453a699-58ab-4616-9648-f779a675d0bf,209
360,"2023-11-02 16:20:21",wiwin.dwiutami.hakim,"2023-11-02 16:20:21",wiwin.dwiutami.hakim,0,active,0,eefb6bc3-604b-45e9-b833-daa75ac4f8b2,75
361,"2023-11-02 16:22:43",wiwin.dwiutami.hakim,"2023-11-02 16:22:43",wiwin.dwiutami.hakim,0,active,0,"046e4279-5c9b-4527-bafa-a1e36392a5fe",76
362,"2023-11-17 18:08:18",wiwin.dwiutami.hakim,"2023-11-17 18:08:18",wiwin.dwiutami.hakim,0,active,0,"26c7ff83-5822-4f3b-a1fa-3fb539c10596",210
363,"2023-11-27 08:41:31",wiwin.dwiutami.hakim,"2023-11-27 08:41:31",wiwin.dwiutami.hakim,0,active,0,"589ebfb1-674d-4a3f-acc0-3b5a5dcba460",211
364,"2023-11-30 11:53:29",audhy.prabowo,"2023-11-30 11:53:29",audhy.prabowo,0,active,0,ccd53fff-b30b-459f-bd56-fbae234ff011,212
365,"2023-11-30 16:33:29",audhy.prabowo,"2023-11-30 16:33:29",audhy.prabowo,0,active,0,"372f6fb1-c373-4e60-a976-4ab32a7724f3",213
366,"2023-12-05 15:06:03",wiwin.dwiutami.hakim,"2023-12-05 15:06:03",wiwin.dwiutami.hakim,0,active,0,d43c4560-a50e-443d-8b4b-d044c7e19cb0,214
367,"2024-01-08 16:12:35",wiwin.dwiutami.hakim,"2024-01-08 16:12:35",wiwin.dwiutami.hakim,0,active,0,"4c02a1b7-74e8-4aa8-9532-23a0afe8e2a5",215
368,"2024-01-08 16:21:32",wiwin.dwiutami.hakim,"2024-01-08 16:21:32",wiwin.dwiutami.hakim,0,active,0,"8befe5c1-d0f2-4532-adc4-e21bda80f44d",216
369,"2024-01-08 16:28:43",wiwin.dwiutami.hakim,"2024-01-08 16:28:43",wiwin.dwiutami.hakim,0,active,0,"12c188a4-e6fa-4bc3-aed1-a459114cacab",217
370,"2024-01-08 16:40:11",wiwin.dwiutami.hakim,"2024-01-08 16:40:11",wiwin.dwiutami.hakim,0,active,0,"2ed88fe5-a9ad-456f-8d65-0b9d05c101de",218
371,"2024-02-13 14:18:14",wiwin.dwiutami.hakim,"2024-02-13 14:18:14",wiwin.dwiutami.hakim,0,active,0,"769e5f3d-5050-4a62-9766-aab837b6be63",219
372,"2024-02-26 16:43:17",wiwin.dwiutami.hakim,"2024-02-26 16:43:17",wiwin.dwiutami.hakim,0,active,0,"218a87f3-478c-4600-aca7-016e104c2a51",220
373,"2024-02-29 17:55:17",wiwin.dwiutami.hakim,"2024-02-29 17:55:29",wiwin.dwiutami.hakim,1,active,0,c5eb3c72-ddf8-4706-be28-3206de6ca2c7,221
374,"2024-03-21 09:24:17",wiwin.dwiutami.hakim,"2024-03-21 09:24:17",wiwin.dwiutami.hakim,0,active,0,"85f53a4a-8a17-42bd-9fa0-b0526364dcea",222
375,"2024-03-22 15:59:52",wiwin.dwiutami.hakim,"2024-03-22 18:28:17",audhy.prabowo,1,active,0,"07ec1475-9aae-445c-a30b-e0b3fd086edb",223
376,"2024-03-22 18:29:18",audhy.prabowo,"2024-03-22 18:29:18",audhy.prabowo,2,active,0,dd9059fd-eb4e-43e4-9698-a2ff2a6554a3,223
377,"2024-03-22 18:30:19",audhy.prabowo,"2024-03-22 18:30:19",audhy.prabowo,3,active,0,"558d8fa4-94ea-4595-a09a-02312a3144ac",223
378,"2024-04-08 05:24:47",wiwin.dwiutami.hakim,"2024-04-08 05:24:47",wiwin.dwiutami.hakim,0,active,0,"71842190-6276-4a24-a827-8fd0635f5d5b",224
379,"2024-04-18 15:22:54",audhy.prabowo,"2024-04-18 15:22:54",audhy.prabowo,0,active,0,"5d6e79d8-7def-4778-b51d-a67ec0edf59b",225
380,"2024-05-30 17:19:00",audhy.prabowo,"2024-05-30 17:19:01",audhy.prabowo,0,active,0,cfb9ca65-3efd-4d0d-a3f5-83d78c18b6ae,226
381,"2024-06-27 13:44:11",roy.haryanto,"2024-06-27 13:44:11",roy.haryanto,1,active,0,"1359f0d7-689b-4899-ac8d-90e7c8beb797",227
382,"2024-06-27 13:46:45",roy.haryanto,"2024-06-27 13:46:46",roy.haryanto,1,active,0,e032fd2c-397c-4bbc-bd02-f1a5b6fc77f9,228
383,"2024-07-05 09:51:00",rita.susanti,"2024-07-05 09:51:01",rita.susanti,1,active,0,"81e0e361-44ba-4252-845d-3e423ba88065",229
384,"2024-07-05 20:58:27",rita.susanti,"2024-07-05 20:58:27",rita.susanti,1,active,0,fce451a9-ad50-4744-a1fe-cbd25c5b4448,230
385,"2024-07-05 21:00:31",rita.susanti,"2024-07-05 21:00:31",rita.susanti,1,active,0,"388a32b9-7212-424c-9ee1-62be7c31fc95",231
386,"2024-07-07 09:46:56",wiwin.dwiutami.hakim,"2024-07-07 09:46:56",wiwin.dwiutami.hakim,0,active,0,e96f6be2-9cdc-4abd-a9d7-14e855cf1447,232
387,"2024-07-08 21:22:16",rita.susanti,"2024-07-08 21:22:16",rita.susanti,1,active,0,"65bcd7c7-f5e5-4d3d-8203-a71cfc619fcf",233
388,"2024-07-08 21:23:24",rita.susanti,"2024-07-08 21:23:24",rita.susanti,1,active,0,"3f03c6e6-c47d-43e3-9542-86eed0f0d238",234
389,"2024-07-09 07:14:47",wiwin.dwiutami.hakim,"2024-07-09 07:14:47",wiwin.dwiutami.hakim,1,active,0,d01fb70c-eaab-40f3-8ac4-8446a6f4f1ed,235
390,"2024-07-09 07:15:19",wiwin.dwiutami.hakim,"2024-07-09 07:15:19",wiwin.dwiutami.hakim,2,active,0,a8b74f08-3ba7-40c2-9828-13e71c9b3f49,235
391,"2024-07-09 07:15:52",wiwin.dwiutami.hakim,"2024-07-09 07:15:52",wiwin.dwiutami.hakim,3,active,0,"1b916c52-5d64-414e-b22f-4ead6e2bcfff",235
392,"2024-07-09 07:16:51",wiwin.dwiutami.hakim,"2024-07-09 07:16:51",wiwin.dwiutami.hakim,4,active,0,"2b0f1d1a-6ebd-4ca3-a157-ad7baad6f5f6",235
393,"2024-07-09 07:17:35",wiwin.dwiutami.hakim,"2024-07-09 07:17:35",wiwin.dwiutami.hakim,5,active,0,"7c3c0931-dba2-4011-9b26-73a59827ac67",235
394,"2024-09-25 14:36:44",wiwin.dwiutami.hakim,"2024-09-25 14:36:44",wiwin.dwiutami.hakim,0,active,0,"864d4a26-f5ea-4ef2-b010-42be8c7abdf2",236
395,"2024-10-03 10:00:15",wiwin.dwiutami.hakim,"2024-10-03 10:00:15",wiwin.dwiutami.hakim,1,active,0,fb0774b2-f6ee-49bc-b578-26ca6aa11e28,237
396,"2024-10-30 15:29:16",wiwin.dwiutami.hakim,"2024-10-30 15:29:16",wiwin.dwiutami.hakim,0,active,0,"66bb7de2-e707-4fc2-810e-d5ec9df70e79",238
397,"2024-11-26 09:05:12",wiwin.dwiutami.hakim,"2024-11-26 09:05:12",wiwin.dwiutami.hakim,0,active,0,"7621c443-15e4-447d-bc15-4c59d9e6a5ae",239
398,"2024-11-29 08:22:17",wiwin.dwiutami.hakim,"2024-11-29 08:23:28",wiwin.dwiutami.hakim,1,active,0,"5c9dd2cb-8542-4e06-b6b1-c7b2c1f0101d",240
399,"2024-11-29 08:24:07",wiwin.dwiutami.hakim,"2024-11-29 08:24:07",wiwin.dwiutami.hakim,2,active,0,"13e94059-56fb-486b-a82c-e9fd08e8aab7",240
400,"2024-11-29 08:27:47",wiwin.dwiutami.hakim,"2024-11-29 08:27:47",wiwin.dwiutami.hakim,1,active,0,"30219e16-586f-4d13-83cb-d9705aab3a56",241
401,"2024-11-29 08:28:09",wiwin.dwiutami.hakim,"2024-11-29 08:28:09",wiwin.dwiutami.hakim,2,active,0,baca4a66-e368-42bd-93c0-6c1e200c1eb5,241
402,"2024-11-29 09:01:03",wiwin.dwiutami.hakim,"2024-11-29 09:01:03",wiwin.dwiutami.hakim,1,active,0,c711136a-8966-4151-b834-9ecbf6701143,242
403,"2024-11-29 09:01:30",wiwin.dwiutami.hakim,"2024-11-29 09:01:30",wiwin.dwiutami.hakim,2,active,0,ff7d7d94-aa6f-4467-8c82-e7e857216089,242
404,"2024-11-29 09:01:45",wiwin.dwiutami.hakim,"2024-11-29 09:01:45",wiwin.dwiutami.hakim,3,active,0,"9d5c64f3-140f-4a26-b911-7bf6696b17e3",242
405,"2024-11-29 12:49:04",wiwin.dwiutami.hakim,"2024-11-29 12:49:04",wiwin.dwiutami.hakim,1,active,0,b9db0cbe-4337-42b8-a44f-b000361023a2,243
406,"2024-11-29 12:49:33",wiwin.dwiutami.hakim,"2024-11-29 12:49:33",wiwin.dwiutami.hakim,2,active,0,"5d393726-824a-4b31-9620-0ccd1e0c0003",243
407,"2024-11-30 13:49:18",wiwin.dwiutami.hakim,"2024-11-30 13:49:18",wiwin.dwiutami.hakim,1,active,0,"6fc7a2bc-04be-478f-9b8b-f3696046f5da",244
408,"2024-11-30 13:50:22",wiwin.dwiutami.hakim,"2024-11-30 13:50:22",wiwin.dwiutami.hakim,2,active,1,d6852e5a-9331-494a-9452-77d5f329f190,244
409,"2024-11-30 13:54:44",wiwin.dwiutami.hakim,"2024-11-30 13:54:44",wiwin.dwiutami.hakim,3,active,0,"38ebe528-9a21-499a-a2f9-ac47805e2c3e",244
410,"2024-11-30 13:55:06",wiwin.dwiutami.hakim,"2024-11-30 13:55:06",wiwin.dwiutami.hakim,4,active,0,"40bb1ca6-86b4-492f-8692-9187392bc6ae",244
411,"2024-11-30 13:55:55",wiwin.dwiutami.hakim,"2024-11-30 13:55:55",wiwin.dwiutami.hakim,5,active,1,d38dcda6-4954-4d2f-be31-0ac84be631d6,244
412,"2024-11-30 13:57:18",wiwin.dwiutami.hakim,"2024-11-30 13:57:18",wiwin.dwiutami.hakim,6,active,1,a5f69f60-c1da-4894-8276-c88b6fe43d49,244
413,"2024-11-30 13:58:51",wiwin.dwiutami.hakim,"2024-11-30 13:58:51",wiwin.dwiutami.hakim,7,active,1,e327a852-c485-4804-8785-af76e2d445b0,244
414,"2024-11-30 13:59:06",wiwin.dwiutami.hakim,"2024-11-30 13:59:06",wiwin.dwiutami.hakim,8,active,0,"6e99e027-eb62-40a7-899a-fd344ff792ed",244
415,"2024-11-30 13:59:23",wiwin.dwiutami.hakim,"2024-11-30 13:59:23",wiwin.dwiutami.hakim,9,active,0,"166f383e-4eb8-47cf-bc54-a8e2663f6aa9",244
416,"2024-11-30 13:59:32",wiwin.dwiutami.hakim,"2024-11-30 13:59:32",wiwin.dwiutami.hakim,10,active,0,"666f55b4-4562-4951-bf33-7058cd584b17",244
417,"2024-11-30 14:00:06",wiwin.dwiutami.hakim,"2024-11-30 14:00:06",wiwin.dwiutami.hakim,11,active,1,"2e393cc8-cc53-4909-91ad-6031fe2659d1",244
418,"2024-11-30 14:00:18",wiwin.dwiutami.hakim,"2024-11-30 14:00:18",wiwin.dwiutami.hakim,12,active,0,"0f3969d6-1431-4a56-84dd-e3e6a6a25d04",244
419,"2024-11-30 14:00:29",wiwin.dwiutami.hakim,"2024-11-30 14:00:29",wiwin.dwiutami.hakim,13,active,0,"32751fdb-dd32-4c48-8cd8-6e216d5db838",244
420,"2024-11-30 14:00:43",wiwin.dwiutami.hakim,"2024-11-30 14:00:43",wiwin.dwiutami.hakim,14,active,0,"9414bede-a94f-4246-8f42-5e821561bd8e",244
421,"2024-11-30 14:00:58",wiwin.dwiutami.hakim,"2024-11-30 14:00:58",wiwin.dwiutami.hakim,15,active,0,"60c3a495-d70f-485f-aab5-6038cced6fa1",244
422,"2024-11-30 14:02:41",wiwin.dwiutami.hakim,"2024-11-30 18:55:22",wiwin.dwiutami.hakim,16,active,0,"72624d04-542b-4ccc-8268-e935cef342d6",244
423,"2024-11-30 14:02:59",wiwin.dwiutami.hakim,"2024-11-30 14:02:59",wiwin.dwiutami.hakim,17,active,0,"96a1f9bd-1019-4a82-b033-d42af088d5c5",244
424,"2024-11-30 14:03:13",wiwin.dwiutami.hakim,"2024-11-30 14:03:13",wiwin.dwiutami.hakim,18,active,0,"1ef25db9-b065-46cb-803d-23cf921eef56",244
425,"2024-11-30 14:03:25",wiwin.dwiutami.hakim,"2024-11-30 14:03:25",wiwin.dwiutami.hakim,19,active,0,"855ff19b-4099-499e-8a90-e124ad4fc9bf",244
426,"2024-11-30 14:03:36",wiwin.dwiutami.hakim,"2024-11-30 14:03:36",wiwin.dwiutami.hakim,20,active,0,b2e0c2d1-f519-4884-8d32-f99fcfc77711,244
427,"2024-11-30 14:03:48",wiwin.dwiutami.hakim,"2024-11-30 14:03:48",wiwin.dwiutami.hakim,21,active,0,"41173f1a-07f4-4fd6-8102-3e8878a95354",244
428,"2024-11-30 14:04:02",wiwin.dwiutami.hakim,"2024-11-30 14:04:02",wiwin.dwiutami.hakim,22,active,0,"44b4f6fe-f617-4de8-9e78-6cc99fb39c48",244
429,"2024-11-30 14:04:16",wiwin.dwiutami.hakim,"2024-11-30 14:04:16",wiwin.dwiutami.hakim,23,active,0,"58ff2dbf-d0dc-4c84-b986-24e21ba02842",244
430,"2024-11-30 14:04:28",wiwin.dwiutami.hakim,"2024-11-30 14:04:28",wiwin.dwiutami.hakim,24,active,0,dab820b2-8fd5-41b7-9242-f16264f7d225,244
431,"2024-11-30 14:04:41",wiwin.dwiutami.hakim,"2024-11-30 14:04:41",wiwin.dwiutami.hakim,25,active,0,a5d49744-bd88-477e-9a6c-85a18665e843,244
432,"2024-11-30 14:04:53",wiwin.dwiutami.hakim,"2024-11-30 14:04:53",wiwin.dwiutami.hakim,26,active,0,cc6cd116-ee00-4688-817e-d45ddecb7418,244
433,"2024-11-30 14:05:07",wiwin.dwiutami.hakim,"2024-11-30 14:05:07",wiwin.dwiutami.hakim,27,active,0,"7308b628-5b14-4865-90d7-db8cbdd1e933",244
434,"2024-11-30 14:05:20",wiwin.dwiutami.hakim,"2024-11-30 14:05:20",wiwin.dwiutami.hakim,28,active,0,ae7c54bc-5796-4871-ba38-e952d862e1f8,244
435,"2024-11-30 19:08:28",wiwin.dwiutami.hakim,"2024-11-30 19:08:28",wiwin.dwiutami.hakim,1,active,0,"703ff2d0-1f1d-4dc9-a830-7512d3c8193b",245
436,"2024-11-30 19:10:39",wiwin.dwiutami.hakim,"2024-11-30 19:14:39",wiwin.dwiutami.hakim,2,active,1,"8778d324-7d91-4e28-8930-dfa61c1d4773",245
437,"2024-11-30 19:10:55",wiwin.dwiutami.hakim,"2024-11-30 19:10:55",wiwin.dwiutami.hakim,3,active,0,b521db54-e7b2-4463-affe-7379614c8447,245
438,"2024-11-30 19:11:12",wiwin.dwiutami.hakim,"2024-11-30 19:11:12",wiwin.dwiutami.hakim,4,active,0,e635beaa-8d60-43c2-8e5b-73ab9a6c29a6,245
439,"2024-11-30 19:12:21",wiwin.dwiutami.hakim,"2024-11-30 19:12:21",wiwin.dwiutami.hakim,5,active,1,"98b14d54-54a2-465e-9f9c-b18c5e843613",245
440,"2024-11-30 19:13:28",wiwin.dwiutami.hakim,"2024-11-30 19:14:26",wiwin.dwiutami.hakim,6,active,1,"88aae10c-b984-4e3a-ac02-a6b4b2c35474",245
441,"2024-11-30 19:18:49",wiwin.dwiutami.hakim,"2024-11-30 19:18:49",wiwin.dwiutami.hakim,7,active,1,"36842632-f170-49d5-9b89-8cbf8bee4b4d",245
442,"2024-11-30 19:19:03",wiwin.dwiutami.hakim,"2024-11-30 19:19:03",wiwin.dwiutami.hakim,8,active,0,"113d930c-979b-439c-90a2-3cabacdd3726",245
443,"2024-11-30 19:19:14",wiwin.dwiutami.hakim,"2024-11-30 19:19:14",wiwin.dwiutami.hakim,9,active,0,"05437c7e-8dbc-4ef4-8a59-b0f83877281f",245
444,"2024-11-30 19:19:23",wiwin.dwiutami.hakim,"2024-11-30 19:19:23",wiwin.dwiutami.hakim,10,active,0,a2a208ee-2e87-4ef5-b1dd-eb672c8cf825,245
445,"2024-11-30 19:20:23",wiwin.dwiutami.hakim,"2024-11-30 19:20:23",wiwin.dwiutami.hakim,11,active,1,c31cd224-a61b-4a9d-8ebe-ce07a66ce50a,245
446,"2024-11-30 19:20:38",wiwin.dwiutami.hakim,"2024-11-30 19:20:38",wiwin.dwiutami.hakim,12,active,0,bb55d5ca-4063-4855-8ade-f69907b61456,245
447,"2024-11-30 19:20:48",wiwin.dwiutami.hakim,"2024-11-30 19:20:48",wiwin.dwiutami.hakim,13,active,0,"723ff320-8a1c-4ee6-852a-ae91f43bfc2d",245
448,"2024-11-30 19:20:59",wiwin.dwiutami.hakim,"2024-11-30 19:20:59",wiwin.dwiutami.hakim,14,active,0,bed3ff84-a4f1-48ad-8c66-eab1e75658bf,245
449,"2024-11-30 19:21:14",wiwin.dwiutami.hakim,"2024-11-30 19:21:14",wiwin.dwiutami.hakim,15,active,0,"7d2bfc3b-2b08-42f3-9ece-9fe1c1c5f85b",245
450,"2024-11-30 19:21:33",wiwin.dwiutami.hakim,"2024-11-30 19:21:33",wiwin.dwiutami.hakim,16,active,0,"93385767-e855-463c-9b6d-9c876139272d",245
451,"2024-11-30 19:21:50",wiwin.dwiutami.hakim,"2024-11-30 19:21:50",wiwin.dwiutami.hakim,17,active,0,"7aa9ceb1-e7f0-41ed-a573-be6dacccce70",245
452,"2024-11-30 19:22:01",wiwin.dwiutami.hakim,"2024-11-30 19:22:01",wiwin.dwiutami.hakim,18,active,0,"1616fb1b-c24d-4560-af68-a37029d50ad4",245
453,"2024-11-30 19:22:12",wiwin.dwiutami.hakim,"2024-11-30 19:22:12",wiwin.dwiutami.hakim,19,active,0,"35f9f9c6-904c-4687-86f3-33f467515320",245
454,"2024-11-30 19:22:23",wiwin.dwiutami.hakim,"2024-11-30 19:22:23",wiwin.dwiutami.hakim,20,active,0,"5c8bf22e-3032-465d-933a-fbd61b536312",245
455,"2024-11-30 19:22:33",wiwin.dwiutami.hakim,"2024-11-30 19:22:33",wiwin.dwiutami.hakim,21,active,0,c45e6993-2e8e-4bcb-9a85-8b63b131e4dd,245
456,"2024-11-30 19:22:45",wiwin.dwiutami.hakim,"2024-11-30 19:22:45",wiwin.dwiutami.hakim,22,active,0,"3b300780-1c38-4392-b8f9-0ace0a2b3d65",245
457,"2024-11-30 19:22:57",wiwin.dwiutami.hakim,"2024-11-30 19:22:57",wiwin.dwiutami.hakim,23,active,0,d7fec91b-17b1-4e07-a9d0-78fc333b5a1e,245
458,"2024-11-30 19:23:11",wiwin.dwiutami.hakim,"2024-11-30 19:23:11",wiwin.dwiutami.hakim,24,active,0,"77bfcb44-1b31-4ce2-9cc8-83d7752a10f1",245
459,"2024-11-30 19:23:22",wiwin.dwiutami.hakim,"2024-11-30 19:23:22",wiwin.dwiutami.hakim,25,active,0,"18fc9219-ba9b-4cff-a639-4d12ec38ddae",245
460,"2024-11-30 19:23:33",wiwin.dwiutami.hakim,"2024-11-30 19:23:33",wiwin.dwiutami.hakim,26,active,0,b8742b15-5f01-4aeb-b453-722da062c0cd,245
461,"2024-11-30 19:23:45",wiwin.dwiutami.hakim,"2024-11-30 19:23:45",wiwin.dwiutami.hakim,27,active,0,"7f7db782-3367-4162-9d7e-ea54e9633f51",245
462,"2024-11-30 19:23:57",wiwin.dwiutami.hakim,"2024-11-30 19:23:57",wiwin.dwiutami.hakim,28,active,0,cee5c699-09ef-4baa-b4d6-73d7bf5e5277,245
463,"2024-11-30 19:24:06",wiwin.dwiutami.hakim,"2024-11-30 19:24:06",wiwin.dwiutami.hakim,29,active,0,b4e73933-8d3b-45e0-b653-2a5c5542bd24,245
464,"2024-11-30 19:24:18",wiwin.dwiutami.hakim,"2024-11-30 19:24:18",wiwin.dwiutami.hakim,30,active,0,"167669b1-e383-485c-8b83-389aae4d87dd",245
465,"2024-11-30 19:24:27",wiwin.dwiutami.hakim,"2024-11-30 19:24:27",wiwin.dwiutami.hakim,31,active,0,"6cea6a09-0f03-4fa3-9049-bda572a113fa",245
466,"2024-11-30 19:24:38",wiwin.dwiutami.hakim,"2024-11-30 19:24:38",wiwin.dwiutami.hakim,32,active,0,"82ea9494-deb8-478c-9865-1a04843a9171",245
467,"2024-11-30 19:24:50",wiwin.dwiutami.hakim,"2024-11-30 19:24:50",wiwin.dwiutami.hakim,33,active,0,"46e9c455-ff03-4377-8039-59342d3d5e41",245
468,"2024-11-30 19:25:02",wiwin.dwiutami.hakim,"2024-11-30 19:25:02",wiwin.dwiutami.hakim,34,active,0,"4e12c39e-2b8e-47f8-9420-1cc3be8fcad8",245
469,"2024-11-30 19:25:13",wiwin.dwiutami.hakim,"2024-11-30 19:25:13",wiwin.dwiutami.hakim,35,active,0,bd6393c6-d370-4ea6-9058-465ab3dd22e2,245
470,"2024-12-13 14:38:42",wiwin.dwiutami.hakim,"2024-12-13 14:38:42",wiwin.dwiutami.hakim,0,active,0,"89e4c842-bda9-4ffb-bd7c-bf358eb42004",247
471,"2024-12-13 14:39:20",wiwin.dwiutami.hakim,"2024-12-13 14:39:20",wiwin.dwiutami.hakim,0,active,0,cbdcce11-3c41-40a1-9b7e-547b4d81b143,248
472,"2024-12-20 16:18:58",wiwin.dwiutami.hakim,"2024-12-20 16:18:59",wiwin.dwiutami.hakim,0,active,0,c99f621b-5c9c-471c-9c1d-a9568b3316b3,249
473,"2024-12-21 20:53:08",wiwin.dwiutami.hakim,"2024-12-21 20:53:09",wiwin.dwiutami.hakim,0,active,0,"5d6a231e-3004-425a-b636-56dfd93fdeac",250
474,"2025-01-31 09:36:19",wiwin.dwiutami.hakim,"2025-01-31 09:36:19",wiwin.dwiutami.hakim,0,active,0,"9914846f-a52a-47f6-836b-dce26abfc9ba",251
475,"2025-02-10 08:53:03",wiwin.dwiutami.hakim,"2025-02-10 08:53:03",wiwin.dwiutami.hakim,0,active,0,"86cb5643-82f0-4053-b1cf-bd4318b8060b",252
476,"2025-02-10 09:23:11",wiwin.dwiutami.hakim,"2025-02-10 09:23:11",wiwin.dwiutami.hakim,0,active,0,"4aee61d4-2bad-4bad-b639-e56128d18c9e",253
477,"2025-02-10 10:34:17",wiwin.dwiutami.hakim,"2025-02-10 10:34:17",wiwin.dwiutami.hakim,1,active,0,"1b88b4e8-9e6a-43ab-87ac-7efd37a0fec1",254
478,"2025-02-14 13:05:13",wiwin.dwiutami.hakim,"2025-02-14 13:05:13",wiwin.dwiutami.hakim,1,active,0,"277e7ef8-3539-46b8-8a3d-e28e37fd9d5f",255
479,"2025-02-24 15:27:28",wiwin.dwiutami.hakim,"2025-02-24 15:27:28",wiwin.dwiutami.hakim,0,active,0,d164d91a-8a2b-4ea4-b8bf-bf23283aca59,257
480,"2025-02-24 15:31:45",wiwin.dwiutami.hakim,"2025-02-24 15:31:45",wiwin.dwiutami.hakim,0,active,0,"976f440d-4124-4552-bdb5-05ce5aba33b9",258
481,"2025-02-24 15:33:53",wiwin.dwiutami.hakim,"2025-02-24 15:33:53",wiwin.dwiutami.hakim,0,active,0,c57d9e27-468f-45c0-a703-4560400ad3d7,259
482,"2025-03-05 11:54:15",wiwin.dwiutami.hakim,"2025-03-05 11:54:15",wiwin.dwiutami.hakim,0,active,0,a742b6a5-b147-4814-a489-522a32f60261,260
483,"2025-03-05 11:55:27",wiwin.dwiutami.hakim,"2025-03-05 11:55:27",wiwin.dwiutami.hakim,0,active,0,"045e04ce-adde-498c-b820-50bfa8c8faef",261
484,"2025-03-05 11:56:52",wiwin.dwiutami.hakim,"2025-03-05 11:56:52",wiwin.dwiutami.hakim,0,active,0,"4ae46247-8297-4d58-a922-3faa699c44ae",262
485,"2025-03-05 11:58:28",wiwin.dwiutami.hakim,"2025-03-05 11:58:28",wiwin.dwiutami.hakim,0,active,0,a49ce6a7-f967-44bd-a62a-c868b63e0476,263
486,"2025-03-05 12:00:47",wiwin.dwiutami.hakim,"2025-03-05 12:00:47",wiwin.dwiutami.hakim,0,active,0,"3351b000-242e-46b0-b5e2-a1e226971bf0",264
487,"2025-03-05 12:05:51",wiwin.dwiutami.hakim,"2025-03-05 12:05:51",wiwin.dwiutami.hakim,0,active,0,"3ae507cb-9cc0-4ecb-8df2-004f4b1d1cf8",265
488,"2025-03-12 18:37:09",wiwin.dwiutami.hakim,"2025-03-12 18:37:09",wiwin.dwiutami.hakim,0,active,0,"7b4b8bf7-4956-44a4-ad26-f74a4d1f1370",266
489,"2025-03-12 18:38:25",wiwin.dwiutami.hakim,"2025-03-12 18:38:25",wiwin.dwiutami.hakim,0,active,0,d1d199af-7edb-4290-858f-969a54e80009,267
490,"2025-03-25 14:17:44",wiwin.dwiutami.hakim,"2025-03-25 14:17:44",wiwin.dwiutami.hakim,0,active,0,"0a7db5e7-fae1-4b76-91a4-03020d064605",269
491,"2025-03-26 09:13:57",wiwin.dwiutami.hakim,"2025-03-26 09:13:57",wiwin.dwiutami.hakim,0,active,0,"09a645a0-7279-420a-8876-e7a22712f3e1",270
492,"2025-04-09 23:10:59",wiwin.dwiutami.hakim,"2025-04-09 23:10:59",wiwin.dwiutami.hakim,0,active,0,"2451d0ad-b929-4969-8575-6f38cdb5ba90",271
493,"2025-04-10 11:04:24",wiwin.dwiutami.hakim,"2025-04-10 11:04:24",wiwin.dwiutami.hakim,0,active,0,"7534557e-6424-4e1f-ab42-939739d374d5",272
494,"2025-04-30 14:03:53",wiwin.dwiutami.hakim,"2025-04-30 14:03:53",wiwin.dwiutami.hakim,0,active,0,f427974f-4ef4-4659-a566-6ed608717f81,268
495,"2025-05-13 09:52:52",wiwin.dwiutami.hakim,"2025-05-13 09:52:52",wiwin.dwiutami.hakim,0,active,0,ccc97b2a-70b5-45a4-afea-731e46ffb8d4,273
496,"2025-05-13 09:59:50",wiwin.dwiutami.hakim,"2025-05-13 09:59:50",wiwin.dwiutami.hakim,0,active,0,a6ab061a-98b9-4880-b4ef-88468b7b0382,274
497,"2025-05-13 10:03:29",wiwin.dwiutami.hakim,"2025-05-13 10:03:29",wiwin.dwiutami.hakim,0,active,0,f003e5b5-f214-474f-aa72-c12a7365552c,275
498,"2025-05-13 10:15:49",wiwin.dwiutami.hakim,"2025-05-13 10:15:49",wiwin.dwiutami.hakim,0,active,0,"6d2e59a3-6c88-42af-8b71-500c784b1216",276
499,"2025-05-30 14:10:57",wiwin.dwiutami.hakim,"2025-05-30 14:10:57",wiwin.dwiutami.hakim,0,active,0,c8d2e96c-6417-45a5-8ab6-ef0578f73877,277
500,"2025-05-30 14:18:58",wiwin.dwiutami.hakim,"2025-05-30 14:18:58",wiwin.dwiutami.hakim,0,active,0,e985e233-17ec-425e-b668-f5c6674f40b1,278
501,"2025-05-30 14:23:51",wiwin.dwiutami.hakim,"2025-05-30 14:23:51",wiwin.dwiutami.hakim,0,active,0,f782d01e-9c2b-4324-9344-9b7b7f68c841,279
502,"2025-05-30 14:33:21",wiwin.dwiutami.hakim,"2025-05-30 14:33:21",wiwin.dwiutami.hakim,0,active,0,"90cad0b5-6788-4c07-85a3-7457eb691665",280
503,"2025-05-30 14:37:42",wiwin.dwiutami.hakim,"2025-05-30 14:37:42",wiwin.dwiutami.hakim,0,active,0,"143a1bd7-01d8-4154-9b3d-3410772011c0",281
504,"2025-05-30 14:55:42",wiwin.dwiutami.hakim,"2025-05-30 14:55:42",wiwin.dwiutami.hakim,0,active,0,"6c1fdd48-a144-465f-b9c8-d2856e3070d4",282
505,"2025-05-30 15:00:46",wiwin.dwiutami.hakim,"2025-05-30 15:00:46",wiwin.dwiutami.hakim,0,active,0,ed69d6ca-e8b7-4f51-9dbc-0fc5f46e7887,283
506,"2025-05-30 15:33:31",wiwin.dwiutami.hakim,"2025-05-30 15:33:31",wiwin.dwiutami.hakim,0,active,0,e2680aea-9fee-4f2d-be7b-a74ab5f7a1c4,284
507,"2025-05-30 17:24:17",wiwin.dwiutami.hakim,"2025-05-30 17:24:17",wiwin.dwiutami.hakim,0,active,0,"5338fa50-0898-45aa-84c3-aa4a1675740f",285
508,"2025-06-17 11:07:32",wiwin.dwiutami.hakim,"2025-06-17 11:07:32",wiwin.dwiutami.hakim,0,active,0,c5739fb9-4583-4375-972b-62cc9b752e8a,286
509,"2025-06-19 15:28:19",zihan.farhanah,"2025-06-19 15:28:19",zihan.farhanah,0,active,0,"9f169502-d47a-4661-8dff-8db179d7cac5",287
510,"2025-06-20 17:47:39",wiwin.dwiutami.hakim,"2025-06-20 17:47:57",wiwin.dwiutami.hakim,1,active,0,"82779c79-1a39-4e2f-a39d-256b683d465a",288
511,"2025-06-20 17:48:10",wiwin.dwiutami.hakim,"2025-06-20 17:48:10",wiwin.dwiutami.hakim,2,active,0,"03692241-dca2-4b33-bdea-ee8bce111b12",288
512,"2025-06-20 17:48:21",wiwin.dwiutami.hakim,"2025-06-20 17:48:21",wiwin.dwiutami.hakim,3,active,0,dc070d3c-2a8d-4b21-bb06-2f1fb003a5de,288
513,"2025-06-20 17:48:32",wiwin.dwiutami.hakim,"2025-06-20 17:48:32",wiwin.dwiutami.hakim,4,active,0,"5c3128d6-c234-43e5-8e67-2a3c36235f1a",288
514,"2025-06-20 17:48:44",wiwin.dwiutami.hakim,"2025-06-20 17:48:44",wiwin.dwiutami.hakim,5,active,0,"02bd934f-e87c-4a91-9559-feadde7dbf5a",288
515,"2025-06-20 17:48:54",wiwin.dwiutami.hakim,"2025-06-20 17:48:54",wiwin.dwiutami.hakim,6,active,0,a017b2fb-d020-4eaf-8081-1a9cba63e386,288
516,"2025-07-03 14:15:18",wiwin.dwiutami.hakim,"2025-07-03 14:15:18",wiwin.dwiutami.hakim,0,active,0,"12f7535a-0273-4e84-ac07-825dab2cfc1f",291
517,"2025-07-03 14:15:43",wiwin.dwiutami.hakim,"2025-07-03 14:15:43",wiwin.dwiutami.hakim,0,active,0,"6782ce45-2660-4a00-8c0d-374fae0b0597",290
518,"2025-07-03 14:16:07",wiwin.dwiutami.hakim,"2025-07-03 14:16:08",wiwin.dwiutami.hakim,0,active,0,f96bc22d-0f4a-4364-a810-51042bde6198,289
519,"2025-07-10 12:11:44",wiwin.dwiutami.hakim,"2025-07-10 12:11:44",wiwin.dwiutami.hakim,0,active,0,"990280e9-ef2e-4d39-9d77-6234c39ff1a3",292
520,"2025-07-10 12:16:15",wiwin.dwiutami.hakim,"2025-07-10 12:16:15",wiwin.dwiutami.hakim,0,active,0,"1b552478-c481-4363-973e-a1a98c43146f",293
521,"2025-07-15 13:35:56",zihan.farhanah,"2025-07-15 15:02:43",zihan.farhanah,0,active,0,e0244d5b-06e8-4bfe-8720-223cbd9a2d43,294
522,"2025-07-15 14:05:47",zihan.farhanah,"2025-07-15 15:03:32",zihan.farhanah,0,active,0,a6e83a83-ddf7-4ab9-831b-ce2b9600d5a9,295
523,"2025-07-15 14:10:37",zihan.farhanah,"2025-07-15 15:03:49",zihan.farhanah,0,active,0,de72f962-6549-46a2-9c71-772fa391febc,296
524,"2025-07-15 14:14:42",zihan.farhanah,"2025-07-15 15:04:06",zihan.farhanah,0,active,0,"82d64732-8271-4f71-a4db-c55ef2d03a6e",297
525,"2025-07-15 14:19:24",zihan.farhanah,"2025-07-15 14:19:24",zihan.farhanah,0,inactive,0,b641d3d8-d720-42d1-9dd0-be7868efa6a0,298
526,"2025-07-15 14:19:24",zihan.farhanah,"2025-07-15 14:19:24",zihan.farhanah,0,inactive,0,"3593b045-bd78-4173-867b-a7b1937c1bde",298
527,"2025-07-15 14:20:28",zihan.farhanah,"2025-07-15 14:20:28",zihan.farhanah,0,inactive,0,"99585181-8ebd-4473-9ce7-ed4e5b4c176c",298
528,"2025-07-15 14:28:13",zihan.farhanah,"2025-07-15 15:04:20",zihan.farhanah,0,active,0,f09ace91-9ab4-489c-9d1e-320d4a2502c2,299
529,"2025-07-15 14:32:11",zihan.farhanah,"2025-07-15 15:04:34",zihan.farhanah,0,active,0,"373fbaf3-6a1f-4063-b6be-eca07817a3fc",300
530,"2025-07-17 10:47:48",zihan.farhanah,"2025-07-17 10:47:48",zihan.farhanah,0,active,0,"8219cf97-c886-4d74-9d82-954af0010e32",301
531,"2025-07-17 10:51:40",zihan.farhanah,"2025-07-17 10:51:40",zihan.farhanah,0,active,0,"6921c082-b765-4255-8ea7-d57a4bca309c",302
532,"2025-07-17 10:54:02",zihan.farhanah,"2025-07-17 10:54:02",zihan.farhanah,0,active,0,"22d7c9fe-2318-404d-b264-3ad2f629a6a1",303
533,"2025-07-17 10:57:09",zihan.farhanah,"2025-07-17 10:57:09",zihan.farhanah,0,active,0,"407fb2a0-b4bb-4ecf-93f3-b8bba0f5312c",304
